,exp_id,model_params,oob_avg_score,oob_median_score,oob_score_ci,oob_std_score,params,test_loss,test_loss_var,trainig_loss,trainig_loss_var
0,0,"{'clf__C': 2904.6610181242827, 'clf__gamma': 0.5391263464279801, 'clf__random_state': 503, 'clf__shrinking': 1, 'clf__tol': 0.008744732545915634, 'selector__bootstrap': 1, 'selector__criterion': 1, 'selector__max_depth': 0, 'selector__max_features': 0, 'selector__min_samples_leaf': 0, 'selector__n_estimators': 93.0, 'selector__random_state': 236}",0.6659446034483613,0.6571862787668259,"(0.6312056737588652, 0.7005973120955699)",0.026015653953965125,"{0: {'clf__C': 2904.6610181242827, 'clf__coef0': 0.0, 'clf__gamma': 0.017970878214266003, 'clf__kernel': 'rbf', 'clf__random_state': 503, 'clf__shrinking': True, 'clf__tol': 0.008744732545915634, 'selector__bootstrap': True, 'selector__criterion': 'entropy', 'selector__max_depth': None, 'selector__max_features': 'sqrt', 'selector__min_samples_leaf': 1, 'selector__min_samples_split': 2, 'selector__n_estimators': 93, 'selector__random_state': 236}, 1: {'clf__C': 0.00014318155811143593, 'clf__coef0': 0.0, 'clf__gamma': 0.0015946267105353758, 'clf__kernel': 'rbf', 'clf__random_state': 526, 'clf__shrinking': True, 'clf__tol': 5.331777011731634e-05, 'selector__bootstrap': True, 'selector__criterion': 'gini', 'selector__max_depth': 4, 'selector__max_features': None, 'selector__min_samples_leaf': 1, 'selector__min_samples_split': 2, 'selector__n_estimators': 1414, 'selector__random_state': 107}, 2: {'clf__C': 0.005899387449557289, 'clf__coef0': 0.0, 'clf__gamma': 2.7096055179331862e-06, 'clf__kernel': 'rbf', 'clf__random_state': 86, 'clf__shrinking': True, 'clf__tol': 3.674539059074307e-05, 'selector__bootstrap': False, 'selector__criterion': 'entropy', 'selector__max_depth': None, 'selector__max_features': 0.7727247346328644, 'selector__min_samples_leaf': 37, 'selector__min_samples_split': 2, 'selector__n_estimators': 126, 'selector__random_state': 301}, 3: {'clf__C': 0.4555422039723497, 'clf__coef0': 0.0, 'clf__gamma': 8.319521298500281e-05, 'clf__kernel': 'rbf', 'clf__random_state': 853, 'clf__shrinking': False, 'clf__tol': 0.0027909568314705706, 'selector__bootstrap': True, 'selector__criterion': 'entropy', 'selector__max_depth': None, 'selector__max_features': 0.34212702531355066, 'selector__min_samples_leaf': 1, 'selector__min_samples_split': 2, 'selector__n_estimators': 115, 'selector__random_state': 900}}","{0: 0.3666666666666667, 1: 0.4204545454545454, 2: 0.38888888888888884, 3: 0.43333333333333335}","{0: 0.00900062635331997, 1: 0.0015906681857860321, 2: 0.00010459533607681771, 3: 0.00317388248364679}","{0: 0.05056179775280911, 1: 0.36111111111111116, 2: 0.3426966292134831, 3: 0.4111111111111112}","{0: 0.017257953151569288, 1: 0.0015743386033098838, 2: 0.0004449806032097838, 3: 0.003034662075374298}"
1,1,"{'clf__C': 44624.525245550605, 'clf__gamma': 0.0026105577626440377, 'clf__random_state': 433, 'clf__shrinking': 1, 'clf__tol': 0.00027344484018835185, 'selector__bootstrap': 0, 'selector__criterion': 1, 'selector__max_depth': 0, 'selector__max_features': 2, 'selector__min_samples_leaf': 1, 'selector__min_samples_leaf.gt1': 6.0, 'selector__n_estimators': 147.0, 'selector__random_state': 735}",0.6126350959174134,0.5872727272727273,"(0.5692682926829269, 0.6793478260869565)",0.04116584005105526,"{0: {'clf__C': 0.6457932889098997, 'clf__coef0': 0.0, 'clf__gamma': 2.6756996448088205e-05, 'clf__kernel': 'rbf', 'clf__random_state': 74, 'clf__shrinking': False, 'clf__tol': 1.8694359831741963e-05, 'selector__bootstrap': True, 'selector__criterion': 'gini', 'selector__max_depth': None, 'selector__max_features': 'sqrt', 'selector__min_samples_leaf': 1, 'selector__min_samples_split': 2, 'selector__n_estimators': 2269, 'selector__random_state': 132}, 1: {'clf__C': 44624.525245550605, 'clf__coef0': 0.0, 'clf__gamma': 8.701859208813458e-05, 'clf__kernel': 'rbf', 'clf__random_state': 433, 'clf__shrinking': True, 'clf__tol': 0.00027344484018835185, 'selector__bootstrap': False, 'selector__criterion': 'entropy', 'selector__max_depth': None, 'selector__max_features': None, 'selector__min_samples_leaf': 6, 'selector__min_samples_split': 2, 'selector__n_estimators': 147, 'selector__random_state': 735}, 2: {'clf__C': 0.00017221696639168802, 'clf__coef0': 0.0, 'clf__gamma': 0.00018689064209053793, 'clf__kernel': 'rbf', 'clf__random_state': 107, 'clf__shrinking': True, 'clf__tol': 0.006945433877269369, 'selector__bootstrap': True, 'selector__criterion': 'gini', 'selector__max_depth': None, 'selector__max_features': 0.0439290832716116, 'selector__min_samples_leaf': 2, 'selector__min_samples_split': 2, 'selector__n_estimators': 209, 'selector__random_state': 734}, 3: {'clf__C': 3.819128576333928e-05, 'clf__coef0': 0.0, 'clf__gamma': 0.004182169334570971, 'clf__kernel': 'rbf', 'clf__random_state': 307, 'clf__shrinking': False, 'clf__tol': 0.00016836481727100394, 'selector__bootstrap': True, 'selector__criterion': 'gini', 'selector__max_depth': None, 'selector__max_features': 0.6868599301873679, 'selector__min_samples_leaf': 22, 'selector__min_samples_split': 2, 'selector__n_estimators': 720, 'selector__random_state': 898}}","{0: 0.43333333333333335, 1: 0.3111111111111111, 2: 0.3666666666666667, 3: 0.38888888888888884}","{0: 0.002962962962962962, 1: 0.00519351766826514, 2: 0.0017161514131211126, 3: 0.0016912106474396033}","{0: 0.3370786516853932, 1: 0.3111111111111109, 2: 0.3146067415730337, 3: 0.3876404494382022}","{0: 0.0024825085995813616, 1: 0.004077366185872871, 2: 0.0025125896000785537, 3: 0.0012224246671823937}"
2,0,"{'clf__C': 29.295398547466416, 'clf__gamma': 0.1816089556740832, 'clf__random_state': 988, 'clf__shrinking': 1, 'clf__tol': 0.0003916449174261763}",0.6745904594463857,0.6784469885515183,"(0.6372123317412071, 0.6913207547169811)",0.019506714393065536,"{0: {'clf__C': 0.0009035747819846421, 'clf__coef0': 0.0, 'clf__gamma': 0.9103613150997474, 'clf__kernel': 'rbf', 'clf__random_state': 32, 'clf__shrinking': False, 'clf__tol': 0.0002871719181692575}, 1: {'clf__C': 29.295398547466416, 'clf__coef0': 0.0, 'clf__gamma': 0.0060536318558027736, 'clf__kernel': 'rbf', 'clf__random_state': 988, 'clf__shrinking': True, 'clf__tol': 0.0003916449174261763}, 2: {'clf__C': 9.849629436057668, 'clf__coef0': 0.0, 'clf__gamma': 0.31360843309864134, 'clf__kernel': 'rbf', 'clf__random_state': 69, 'clf__shrinking': False, 'clf__tol': 5.958198748137258e-05}, 3: {'clf__C': 0.0008215924124914868, 'clf__coef0': 0.0, 'clf__gamma': 0.0001257355788649623, 'clf__kernel': 'rbf', 'clf__random_state': 272, 'clf__shrinking': True, 'clf__tol': 0.0003855451340007003}}","{0: 0.43333333333333335, 1: 0.28888888888888886, 2: 0.28888888888888886, 3: 0.375}","{0: 0.00031448038182045, 1: 0.0004140308812025986, 2: 0.0006566223401240249, 3: 0.0007836076817558272}","{0: 0.0, 1: 0.0, 2: 0.0, 3: 0.3277777777777777}","{0: 0.0, 1: 0.0, 2: 0.0, 3: 0.00016409558103695104}"
3,1,"{'clf__C': 0.0002860447320467618, 'clf__gamma': 0.006084571548263084, 'clf__random_state': 193, 'clf__shrinking': 1, 'clf__tol': 0.00128213860620624}",0.6298155864946976,0.6259090909090909,"(0.5748780487804879, 0.6973995271867612)",0.03979470684458562,"{0: {'clf__C': 0.067937870536508, 'clf__coef0': 0.0, 'clf__gamma': 0.5507037187628762, 'clf__kernel': 'rbf', 'clf__random_state': 266, 'clf__shrinking': False, 'clf__tol': 5.231809019230796e-05}, 1: {'clf__C': 0.0002860447320467618, 'clf__coef0': 0.0, 'clf__gamma': 0.00020281905160876945, 'clf__kernel': 'rbf', 'clf__random_state': 193, 'clf__shrinking': True, 'clf__tol': 0.00128213860620624}, 2: {'clf__C': 0.22271530457812172, 'clf__coef0': 0.0, 'clf__gamma': 1.6681124769706114e-06, 'clf__kernel': 'rbf', 'clf__random_state': 681, 'clf__shrinking': True, 'clf__tol': 0.0011237567661049235}, 3: {'clf__C': 0.006327113450513198, 'clf__coef0': 0.0, 'clf__gamma': 0.04623435740939404, 'clf__kernel': 'rbf', 'clf__random_state': 737, 'clf__shrinking': True, 'clf__tol': 0.0030988248973241508}}","{0: 0.4555555555555556, 1: 0.3522727272727272, 2: 0.3522727272727272, 3: 0.3522727272727273}","{0: 0.00012521398043283553, 1: 0.002507071273906287, 2: 0.001362913648267181, 3: 0.004078963030983232}","{0: 0.0, 1: 0.3146067415730336, 2: 0.2977528089887641, 3: 0.1292134831460674}","{0: 0.0, 1: 0.0009726744330025824, 2: 0.0016275613660203115, 3: 0.0015077421775977404}"
4,0,"{'clf__C': 18863.55309880673, 'clf__gamma': 0.0022119633911854074, 'clf__random_state': 935, 'clf__shrinking': 1, 'clf__tol': 7.465142377481655e-05, 'selector__num_features': 0, 'selector__num_neighbors': 159847.0}",0.6329612250415305,0.6444444444444444,"(0.6030188679245283, 0.658038825286212)",0.023417847728765036,"{0: {'clf__C': 18863.55309880673, 'clf__coef0': 0.0, 'clf__gamma': 7.373211303951357e-05, 'clf__kernel': 'rbf', 'clf__random_state': 935, 'clf__shrinking': True, 'clf__tol': 7.465142377481655e-05, 'selector__num_features': 0, 'selector__num_neighbors': 159847.0}, 1: {'clf__C': 337.3190477649155, 'clf__coef0': 0.0, 'clf__gamma': 1.4399946248005626e-06, 'clf__kernel': 'rbf', 'clf__random_state': 728, 'clf__shrinking': True, 'clf__tol': 4.018788313836591e-05, 'selector__num_features': 0, 'selector__num_neighbors': 162364.0}, 2: {'clf__C': 72047.92868545426, 'clf__coef0': 0.0, 'clf__gamma': 3.603407693716045e-05, 'clf__kernel': 'rbf', 'clf__random_state': 459, 'clf__shrinking': True, 'clf__tol': 3.725948731907409e-05, 'selector__num_features': 7, 'selector__num_neighbors': 26820.0}, 3: {'clf__C': 1.7775944796784775e-05, 'clf__coef0': 0.0, 'clf__gamma': 0.736405192694784, 'clf__kernel': 'rbf', 'clf__random_state': 547, 'clf__shrinking': False, 'clf__tol': 0.00433179575254907, 'selector__num_features': 8, 'selector__num_neighbors': 11002.0}}","{0: 0.3522727272727272, 1: 0.37777777777777777, 2: 0.3666666666666666, 3: 0.4}","{0: 0.002490859776213303, 1: 6.501604144701761e-05, 2: 0.006380698114704854, 3: 0.003596189164370984}","{0: 0.005617977528089901, 1: 0.3202247191011237, 2: 0.2921348314606742, 3: 0.1966292134831461}","{0: 2.057699757672197e-05, 1: 1.2677487860662437e-05, 2: 0.00015545833348486378, 3: 0.005774568445013156}"
5,1,"{'clf__C': 0.05006341976884374, 'clf__gamma': 0.6184824141439559, 'clf__random_state': 300, 'clf__shrinking': 0, 'clf__tol': 5.030981256720323e-05, 'selector__num_features': 7, 'selector__num_neighbors': 47314.0}",0.6275580940232619,0.6113475177304964,"(0.5786363636363636, 0.7020750988142292)",0.043637848998666115,"{0: {'clf__C': 0.05006341976884374, 'clf__coef0': 0.0, 'clf__gamma': 0.020616080471465195, 'clf__kernel': 'rbf', 'clf__random_state': 300, 'clf__shrinking': False, 'clf__tol': 5.030981256720323e-05, 'selector__num_features': 7, 'selector__num_neighbors': 47314.0}, 1: {'clf__C': 0.0014716871434009115, 'clf__coef0': 0.0, 'clf__gamma': 0.0038412849854888133, 'clf__kernel': 'rbf', 'clf__random_state': 878, 'clf__shrinking': True, 'clf__tol': 9.228627725999573e-05, 'selector__num_features': 5, 'selector__num_neighbors': 15703.0}, 2: {'clf__C': 64206.9630206105, 'clf__coef0': 0.0, 'clf__gamma': 2.6023054243429337e-05, 'clf__kernel': 'rbf', 'clf__random_state': 249, 'clf__shrinking': True, 'clf__tol': 0.0019430596481639772, 'selector__num_features': 2, 'selector__num_neighbors': 7158.0}, 3: {'clf__C': 69.8579382854098, 'clf__coef0': 0.0, 'clf__gamma': 5.619275941792785e-05, 'clf__kernel': 'rbf', 'clf__random_state': 356, 'clf__shrinking': False, 'clf__tol': 6.683103976795142e-05, 'selector__num_features': 5, 'selector__num_neighbors': 10299.0}}","{0: 0.3666666666666666, 1: 0.4, 2: 0.3666666666666666, 3: 0.37777777777777777}","{0: 0.0022692128921085156, 1: 0.00022805212620027426, 2: 0.00016228502760489336, 3: 0.0003961047058690167}","{0: 0.35, 1: 0.3595505617977528, 2: 0.3651685393258427, 3: 0.3707865168539326}","{0: 0.0002622424216919859, 1: 0.0006778044298559402, 2: 0.00011966246242688958, 3: 0.00031572408535661503}"
6,0,"{'clf__C': 50380.86110162918, 'clf__gamma': 0.018455350023471363, 'clf__random_state': 112, 'clf__shrinking': 1, 'clf__tol': 1.2880546150944655e-05, 'selector__k': 6.0, 'selector__num_features': 4}",0.6017476847295693,0.6033333333333333,"(0.5567375886524821, 0.6458437033349925)",0.030101654330813972,"{0: {'clf__C': 63947.23501959493, 'clf__coef0': 0.0, 'clf__gamma': 0.0035174467501028345, 'clf__kernel': 'rbf', 'clf__random_state': 41, 'clf__shrinking': False, 'clf__tol': 0.009051658320936413, 'selector__k': 9, 'selector__num_features': 3}, 1: {'clf__C': 337.3190477649155, 'clf__coef0': 0.0, 'clf__gamma': 1.4399946248005626e-06, 'clf__kernel': 'rbf', 'clf__random_state': 728, 'clf__shrinking': True, 'clf__tol': 4.018788313836591e-05, 'selector__k': 8, 'selector__num_features': 3}, 2: {'clf__C': 0.0004244484521476261, 'clf__coef0': 0.0, 'clf__gamma': 4.177370801119848e-05, 'clf__kernel': 'rbf', 'clf__random_state': 709, 'clf__shrinking': False, 'clf__tol': 0.005312697900208308, 'selector__k': 12, 'selector__num_features': 3}, 3: {'clf__C': 50380.86110162918, 'clf__coef0': 0.0, 'clf__gamma': 0.0006151783341157121, 'clf__kernel': 'rbf', 'clf__random_state': 112, 'clf__shrinking': True, 'clf__tol': 1.2880546150944655e-05, 'selector__k': 6, 'selector__num_features': 4}}","{0: 0.3977272727272728, 1: 0.47777777777777775, 2: 0.48863636363636365, 3: 0.36363636363636365}","{0: 0.004774186874355224, 1: 0.0005212620027434824, 2: 0.0007669427155959115, 3: 0.0027006314548402043}","{0: 0.2865168539325843, 1: 0.449438202247191, 2: 0.4943820224719101, 3: 0.3089887640449438}","{0: 1.3965931405274265e-05, 1: 0.000681810900474838, 2: 0.0008495163747493482, 3: 0.00016366090451854106}"
7,1,"{'clf__C': 130.04121453013252, 'clf__gamma': 0.348933925430436, 'clf__random_state': 249, 'clf__shrinking': 0, 'clf__tol': 0.008272560126781237, 'selector__k': 12.0, 'selector__num_features': 4}",0.6129140008298182,0.638324420677362,"(0.4951219512195122, 0.6527272727272727)",0.05930731178167356,"{0: {'clf__C': 130.04121453013252, 'clf__coef0': 0.0, 'clf__gamma': 0.0116311308476812, 'clf__kernel': 'rbf', 'clf__random_state': 249, 'clf__shrinking': False, 'clf__tol': 0.008272560126781237, 'selector__k': 12, 'selector__num_features': 4}, 1: {'clf__C': 7749.149680983517, 'clf__coef0': 0.0, 'clf__gamma': 0.0010111377691829205, 'clf__kernel': 'rbf', 'clf__random_state': 163, 'clf__shrinking': False, 'clf__tol': 0.00013510630867871886, 'selector__k': 3, 'selector__num_features': 4}, 2: {'clf__C': 2.749734943636558e-05, 'clf__coef0': 0.0, 'clf__gamma': 0.03344912788182977, 'clf__kernel': 'rbf', 'clf__random_state': 340, 'clf__shrinking': True, 'clf__tol': 0.00020152318508322045, 'selector__k': 2, 'selector__num_features': 9}, 3: {'clf__C': 0.005622473191182968, 'clf__coef0': 0.0, 'clf__gamma': 0.0003774459793224259, 'clf__kernel': 'rbf', 'clf__random_state': 814, 'clf__shrinking': False, 'clf__tol': 1.0215934822362304e-05, 'selector__k': 10, 'selector__num_features': 2}}","{0: 0.3555555555555556, 1: 0.36363636363636365, 2: 0.37777777777777777, 3: 0.48888888888888893}","{0: 0.0051542926458751385, 1: 0.0013613123377433178, 2: 0.0022587406047002, 3: 0.0012371328322506791}","{0: 0.31666666666666665, 1: 0.3222222222222222, 2: 0.3707865168539326, 3: 0.4831460674157303}","{0: 0.00470409958837345, 1: 0.0013655977607405397, 2: 0.0004636742911698864, 3: 0.00016916363215698882}"
8,0,"{'clf__bootstrap': 1, 'clf__criterion': 1, 'clf__max_depth': 0, 'clf__max_features': 3, 'clf__max_features.frac': 0.9071947163471131, 'clf__min_samples_leaf': 0, 'clf__n_estimators': 972.0, 'clf__random_state': 693, 'selector__bootstrap': 1, 'selector__criterion': 0, 'selector__max_depth': 3, 'selector__max_features': 2, 'selector__min_samples_leaf': 0, 'selector__n_estimators': 1414.0, 'selector__random_state': 107}",0.6598525218300955,0.6444444444444444,"(0.6090094574415132, 0.7086409031697785)",0.03650300847681321,"{0: {'clf__bootstrap': True, 'clf__criterion': 'entropy', 'clf__max_depth': 2, 'clf__max_features': 'sqrt', 'clf__min_samples_leaf': 18, 'clf__min_samples_split': 2, 'clf__n_estimators': 1978, 'clf__random_state': 751, 'selector__bootstrap': True, 'selector__criterion': 'entropy', 'selector__max_depth': None, 'selector__max_features': 'sqrt', 'selector__min_samples_leaf': 1, 'selector__min_samples_split': 2, 'selector__n_estimators': 93, 'selector__random_state': 236}, 1: {'clf__bootstrap': True, 'clf__criterion': 'entropy', 'clf__max_depth': None, 'clf__max_features': 0.9071947163471131, 'clf__min_samples_leaf': 1, 'clf__min_samples_split': 2, 'clf__n_estimators': 972, 'clf__random_state': 693, 'selector__bootstrap': True, 'selector__criterion': 'gini', 'selector__max_depth': 4, 'selector__max_features': None, 'selector__min_samples_leaf': 1, 'selector__min_samples_split': 2, 'selector__n_estimators': 1414, 'selector__random_state': 107}, 2: {'clf__bootstrap': True, 'clf__criterion': 'gini', 'clf__max_depth': None, 'clf__max_features': None, 'clf__min_samples_leaf': 1, 'clf__min_samples_split': 2, 'clf__n_estimators': 46, 'clf__random_state': 912, 'selector__bootstrap': False, 'selector__criterion': 'entropy', 'selector__max_depth': None, 'selector__max_features': 0.7727247346328644, 'selector__min_samples_leaf': 37, 'selector__min_samples_split': 2, 'selector__n_estimators': 126, 'selector__random_state': 301}, 3: {'clf__bootstrap': True, 'clf__criterion': 'entropy', 'clf__max_depth': None, 'clf__max_features': 0.6780456764169303, 'clf__min_samples_leaf': 4, 'clf__min_samples_split': 2, 'clf__n_estimators': 54, 'clf__random_state': 709, 'selector__bootstrap': True, 'selector__criterion': 'entropy', 'selector__max_depth': None, 'selector__max_features': 0.34212702531355066, 'selector__min_samples_leaf': 1, 'selector__min_samples_split': 2, 'selector__n_estimators': 115, 'selector__random_state': 900}}","{0: 0.37777777777777766, 1: 0.3068181818181819, 2: 0.3555555555555556, 3: 0.3333333333333335}","{0: 0.0015791047398791447, 1: 0.004085651690870546, 2: 0.0050274348422496605, 3: 0.0071394217143375335}","{0: 0.22777777777777786, 1: 0.0, 2: 0.0, 3: 0.016853932584269704}","{0: 0.0011702504966309096, 1: 0.0, 2: 0.0, 3: 0.004935002006265927}"
9,1,"{'clf__bootstrap': 1, 'clf__criterion': 0, 'clf__max_depth': 0, 'clf__max_features': 3, 'clf__max_features.frac': 0.93643192230702, 'clf__min_samples_leaf': 0, 'clf__n_estimators': 80.0, 'clf__random_state': 987, 'selector__bootstrap': 1, 'selector__criterion': 0, 'selector__max_depth': 0, 'selector__max_features': 0, 'selector__min_samples_leaf': 0, 'selector__n_estimators': 2269.0, 'selector__random_state': 132}",0.5744130845750275,0.5772727272727273,"(0.5224586288416075, 0.6248780487804878)",0.03409400813439924,"{0: {'clf__bootstrap': True, 'clf__criterion': 'gini', 'clf__max_depth': None, 'clf__max_features': 0.93643192230702, 'clf__min_samples_leaf': 1, 'clf__min_samples_split': 2, 'clf__n_estimators': 80, 'clf__random_state': 987, 'selector__bootstrap': True, 'selector__criterion': 'gini', 'selector__max_depth': None, 'selector__max_features': 'sqrt', 'selector__min_samples_leaf': 1, 'selector__min_samples_split': 2, 'selector__n_estimators': 2269, 'selector__random_state': 132}, 1: {'clf__bootstrap': False, 'clf__criterion': 'gini', 'clf__max_depth': None, 'clf__max_features': 'sqrt', 'clf__min_samples_leaf': 5, 'clf__min_samples_split': 2, 'clf__n_estimators': 414, 'clf__random_state': 482, 'selector__bootstrap': False, 'selector__criterion': 'entropy', 'selector__max_depth': None, 'selector__max_features': None, 'selector__min_samples_leaf': 6, 'selector__min_samples_split': 2, 'selector__n_estimators': 147, 'selector__random_state': 735}, 2: {'clf__bootstrap': False, 'clf__criterion': 'gini', 'clf__max_depth': None, 'clf__max_features': 0.705889506045329, 'clf__min_samples_leaf': 6, 'clf__min_samples_split': 2, 'clf__n_estimators': 29, 'clf__random_state': 735, 'selector__bootstrap': True, 'selector__criterion': 'gini', 'selector__max_depth': None, 'selector__max_features': 0.0439290832716116, 'selector__min_samples_leaf': 2, 'selector__min_samples_split': 2, 'selector__n_estimators': 209, 'selector__random_state': 734}, 3: {'clf__bootstrap': True, 'clf__criterion': 'entropy', 'clf__max_depth': None, 'clf__max_features': 0.9133021075574501, 'clf__min_samples_leaf': 12, 'clf__min_samples_split': 2, 'clf__n_estimators': 106, 'clf__random_state': 656, 'selector__bootstrap': True, 'selector__criterion': 'gini', 'selector__max_depth': None, 'selector__max_features': 0.6868599301873679, 'selector__min_samples_leaf': 22, 'selector__min_samples_split': 2, 'selector__n_estimators': 720, 'selector__random_state': 898}}","{0: 0.3111111111111111, 1: 0.3522727272727273, 2: 0.38888888888888884, 3: 0.3666666666666667}","{0: 0.005324981011007948, 1: 0.009469286013898804, 2: 0.007638166173519721, 3: 0.0033745422802661865}","{0: 0.0, 1: 0.07222222222222219, 2: 0.1179775280898877, 3: 0.2865168539325842}","{0: 6.858710562414218e-06, 1: 0.00865326564155744, 2: 0.0001774424014648068, 3: 0.001074219023972841}"
10,0,"{'clf__bootstrap': 1, 'clf__criterion': 1, 'clf__max_depth': 0, 'clf__max_features': 3, 'clf__max_features.frac': 0.34212702531355066, 'clf__min_samples_leaf': 0, 'clf__n_estimators': 115.0, 'clf__random_state': 900}",0.7816139413708387,0.7811111111111111,"(0.7573138297872342, 0.8086112493777999)",0.016342887351450057,"{0: {'clf__bootstrap': True, 'clf__criterion': 'entropy', 'clf__max_depth': None, 'clf__max_features': 'sqrt', 'clf__min_samples_leaf': 1, 'clf__min_samples_split': 2, 'clf__n_estimators': 93, 'clf__random_state': 236}, 1: {'clf__bootstrap': True, 'clf__criterion': 'gini', 'clf__max_depth': 4, 'clf__max_features': None, 'clf__min_samples_leaf': 1, 'clf__min_samples_split': 2, 'clf__n_estimators': 1414, 'clf__random_state': 107}, 2: {'clf__bootstrap': False, 'clf__criterion': 'entropy', 'clf__max_depth': None, 'clf__max_features': 0.7727247346328644, 'clf__min_samples_leaf': 37, 'clf__min_samples_split': 2, 'clf__n_estimators': 126, 'clf__random_state': 301}, 3: {'clf__bootstrap': True, 'clf__criterion': 'entropy', 'clf__max_depth': None, 'clf__max_features': 0.34212702531355066, 'clf__min_samples_leaf': 1, 'clf__min_samples_split': 2, 'clf__n_estimators': 115, 'clf__random_state': 900}}","{0: 0.2727272727272727, 1: 0.2666666666666667, 2: 0.36363636363636365, 3: 0.2272727272727273}","{0: 0.0008062669342130619, 1: 0.00029996939087848277, 2: 0.0005307848405491485, 3: 8.797288258567832e-05}","{0: 0.0, 1: 0.005617977528089901, 2: 0.25555555555555565, 3: 0.0}","{0: 0.0, 1: 7.092500721718957e-06, 2: 0.0008889879466452773, 3: 0.0}"
11,1,"{'clf__bootstrap': 1, 'clf__criterion': 0, 'clf__max_depth': 0, 'clf__max_features': 3, 'clf__max_features.frac': 0.0439290832716116, 'clf__min_samples_leaf': 1, 'clf__min_samples_leaf.gt1': 2.0, 'clf__n_estimators': 209.0, 'clf__random_state': 734}",0.7651422225632765,0.782033096926714,"(0.7014634146341463, 0.8107707509881423)",0.042063746352160224,"{0: {'clf__bootstrap': True, 'clf__criterion': 'gini', 'clf__max_depth': None, 'clf__max_features': 'sqrt', 'clf__min_samples_leaf': 1, 'clf__min_samples_split': 2, 'clf__n_estimators': 2269, 'clf__random_state': 132}, 1: {'clf__bootstrap': False, 'clf__criterion': 'entropy', 'clf__max_depth': None, 'clf__max_features': None, 'clf__min_samples_leaf': 6, 'clf__min_samples_split': 2, 'clf__n_estimators': 147, 'clf__random_state': 735}, 2: {'clf__bootstrap': True, 'clf__criterion': 'gini', 'clf__max_depth': None, 'clf__max_features': 0.0439290832716116, 'clf__min_samples_leaf': 2, 'clf__min_samples_split': 2, 'clf__n_estimators': 209, 'clf__random_state': 734}, 3: {'clf__bootstrap': True, 'clf__criterion': 'gini', 'clf__max_depth': None, 'clf__max_features': 0.6868599301873679, 'clf__min_samples_leaf': 22, 'clf__min_samples_split': 2, 'clf__n_estimators': 720, 'clf__random_state': 898}}","{0: 0.2333333333333334, 1: 0.2954545454545454, 2: 0.21111111111111103, 3: 0.29999999999999993}","{0: 0.000436066614517792, 1: 0.001689340090013494, 2: 0.0001431401557664186, 3: 0.0001652892561983479}","{0: 0.0, 1: 0.061111111111111005, 2: 0.0, 3: 0.1853932584269663}","{0: 0.0, 1: 0.0010993861016772451, 2: 0.0, 3: 0.00023576785087443494}"
12,0,"{'clf__bootstrap': 1, 'clf__criterion': 0, 'clf__max_depth': 0, 'clf__max_features': 3, 'clf__max_features.frac': 0.14671806682672417, 'clf__min_samples_leaf': 0, 'clf__n_estimators': 393.0, 'clf__random_state': 208, 'selector__num_features': 0, 'selector__num_neighbors': 162364.0}",0.7508868658490737,0.7516283108988278,"(0.683732269503546, 0.8022222222222222)",0.0385612256438178,"{0: {'clf__bootstrap': True, 'clf__criterion': 'gini', 'clf__max_depth': None, 'clf__max_features': 'sqrt', 'clf__min_samples_leaf': 4, 'clf__min_samples_split': 2, 'clf__n_estimators': 29, 'clf__random_state': 754, 'selector__num_features': 0, 'selector__num_neighbors': 159847.0}, 1: {'clf__bootstrap': True, 'clf__criterion': 'gini', 'clf__max_depth': None, 'clf__max_features': 0.14671806682672417, 'clf__min_samples_leaf': 1, 'clf__min_samples_split': 2, 'clf__n_estimators': 393, 'clf__random_state': 208, 'selector__num_features': 0, 'selector__num_neighbors': 162364.0}, 2: {'clf__bootstrap': True, 'clf__criterion': 'gini', 'clf__max_depth': None, 'clf__max_features': 'sqrt', 'clf__min_samples_leaf': 4, 'clf__min_samples_split': 2, 'clf__n_estimators': 24, 'clf__random_state': 33, 'selector__num_features': 7, 'selector__num_neighbors': 26820.0}, 3: {'clf__bootstrap': False, 'clf__criterion': 'gini', 'clf__max_depth': 3, 'clf__max_features': 0.30189966650804834, 'clf__min_samples_leaf': 45, 'clf__min_samples_split': 2, 'clf__n_estimators': 29, 'clf__random_state': 3, 'selector__num_features': 8, 'selector__num_neighbors': 11002.0}}","{0: 0.26136363636363635, 1: 0.23863636363636354, 2: 0.3555555555555555, 3: 0.3222222222222222}","{0: 0.00021388123660850947, 1: 8.980092734301529e-05, 2: 0.008862587717806568, 3: 0.0011386734913670926}","{0: 0.016666666666666607, 1: 0.0, 2: 0.1910112359550561, 3: 0.2808988764044944}","{0: 2.1048907342725573e-05, 1: 0.0, 2: 0.00013198320382224306, 3: 0.001020914867651392}"
13,1,"{'clf__bootstrap': 1, 'clf__criterion': 1, 'clf__max_depth': 0, 'clf__max_features': 3, 'clf__max_features.frac': 0.41960900262221223, 'clf__min_samples_leaf': 0, 'clf__n_estimators': 503.0, 'clf__random_state': 141, 'selector__num_features': 5, 'selector__num_neighbors': 10299.0}",0.6919873196198163,0.7056737588652483,"(0.6493761140819965, 0.7218379446640316)",0.026232166609776193,"{0: {'clf__bootstrap': True, 'clf__criterion': 'gini', 'clf__max_depth': None, 'clf__max_features': 0.5054593792632919, 'clf__min_samples_leaf': 1, 'clf__min_samples_split': 2, 'clf__n_estimators': 86, 'clf__random_state': 594, 'selector__num_features': 7, 'selector__num_neighbors': 47314.0}, 1: {'clf__bootstrap': True, 'clf__criterion': 'entropy', 'clf__max_depth': None, 'clf__max_features': 0.5101646444123727, 'clf__min_samples_leaf': 1, 'clf__min_samples_split': 2, 'clf__n_estimators': 22, 'clf__random_state': 531, 'selector__num_features': 5, 'selector__num_neighbors': 15703.0}, 2: {'clf__bootstrap': True, 'clf__criterion': 'entropy', 'clf__max_depth': 2, 'clf__max_features': 'sqrt', 'clf__min_samples_leaf': 3, 'clf__min_samples_split': 2, 'clf__n_estimators': 116, 'clf__random_state': 539, 'selector__num_features': 2, 'selector__num_neighbors': 7158.0}, 3: {'clf__bootstrap': True, 'clf__criterion': 'entropy', 'clf__max_depth': None, 'clf__max_features': 0.41960900262221223, 'clf__min_samples_leaf': 1, 'clf__min_samples_split': 2, 'clf__n_estimators': 503, 'clf__random_state': 141, 'selector__num_features': 5, 'selector__num_neighbors': 10299.0}}","{0: 0.29999999999999993, 1: 0.2777777777777779, 2: 0.3181818181818181, 3: 0.2777777777777778}","{0: 0.0013304764819916295, 1: 0.003520913398859521, 2: 0.00020564794975569403, 3: 0.002367969821673529}","{0: 0.16853932584269682, 1: 0.1910112359550562, 2: 0.3089887640449438, 3: 0.1910112359550562}","{0: 0.00042712509626526555, 1: 0.0006199630126650187, 2: 0.0007052418697740277, 3: 0.0006199630126650187}"
14,0,"{'clf__bootstrap': 0, 'clf__criterion': 1, 'clf__max_depth': 0, 'clf__max_features': 3, 'clf__max_features.frac': 0.11797688335800127, 'clf__min_samples_leaf': 1, 'clf__min_samples_leaf.gt1': 4.0, 'clf__n_estimators': 215.0, 'clf__random_state': 708, 'selector__k': 12.0, 'selector__num_features': 3}",0.6279762150711201,0.6399999999999999,"(0.5441509433962264, 0.6884021901443503)",0.0474172910898423,"{0: {'clf__bootstrap': False, 'clf__criterion': 'entropy', 'clf__max_depth': None, 'clf__max_features': 'sqrt', 'clf__min_samples_leaf': 12, 'clf__min_samples_split': 2, 'clf__n_estimators': 51, 'clf__random_state': 576, 'selector__k': 9, 'selector__num_features': 3}, 1: {'clf__bootstrap': True, 'clf__criterion': 'gini', 'clf__max_depth': None, 'clf__max_features': 0.14671806682672417, 'clf__min_samples_leaf': 1, 'clf__min_samples_split': 2, 'clf__n_estimators': 393, 'clf__random_state': 208, 'selector__k': 8, 'selector__num_features': 3}, 2: {'clf__bootstrap': False, 'clf__criterion': 'entropy', 'clf__max_depth': None, 'clf__max_features': 0.11797688335800127, 'clf__min_samples_leaf': 4, 'clf__min_samples_split': 2, 'clf__n_estimators': 215, 'clf__random_state': 708, 'selector__k': 12, 'selector__num_features': 3}, 3: {'clf__bootstrap': True, 'clf__criterion': 'entropy', 'clf__max_depth': None, 'clf__max_features': 'log2', 'clf__min_samples_leaf': 1, 'clf__min_samples_split': 2, 'clf__n_estimators': 68, 'clf__random_state': 272, 'selector__k': 6, 'selector__num_features': 4}}","{0: 0.44318181818181823, 1: 0.3977272727272727, 2: 0.33333333333333326, 3: 0.375}","{0: 0.0037919741749708117, 1: 0.0009551321293745558, 2: 0.0018338406511807237, 3: 0.005385802469135802}","{0: 0.2134831460674158, 1: 0.0, 2: 0.0393258426966292, 3: 0.0}","{0: 0.0004368507668923376, 1: 0.0, 2: 0.00013600958989915584, 3: 0.0}"
15,1,"{'clf__bootstrap': 0, 'clf__criterion': 1, 'clf__max_depth': 1, 'clf__max_features': 3, 'clf__max_features.frac': 0.8574478861207956, 'clf__min_samples_leaf': 0, 'clf__n_estimators': 193.0, 'clf__random_state': 570, 'selector__k': 2.0, 'selector__num_features': 9}",0.6595439566953363,0.6728132387706856,"(0.6235294117647059, 0.685)",0.02345821613560048,"{0: {'clf__bootstrap': True, 'clf__criterion': 'gini', 'clf__max_depth': None, 'clf__max_features': 0.5054593792632919, 'clf__min_samples_leaf': 16, 'clf__min_samples_split': 2, 'clf__n_estimators': 2240, 'clf__random_state': 266, 'selector__k': 12, 'selector__num_features': 4}, 1: {'clf__bootstrap': False, 'clf__criterion': 'entropy', 'clf__max_depth': None, 'clf__max_features': 'sqrt', 'clf__min_samples_leaf': 8, 'clf__min_samples_split': 2, 'clf__n_estimators': 61, 'clf__random_state': 101, 'selector__k': 3, 'selector__num_features': 4}, 2: {'clf__bootstrap': False, 'clf__criterion': 'entropy', 'clf__max_depth': 2, 'clf__max_features': 0.8574478861207956, 'clf__min_samples_leaf': 1, 'clf__min_samples_split': 2, 'clf__n_estimators': 193, 'clf__random_state': 570, 'selector__k': 2, 'selector__num_features': 9}, 3: {'clf__bootstrap': False, 'clf__criterion': 'entropy', 'clf__max_depth': None, 'clf__max_features': 0.2839871447747596, 'clf__min_samples_leaf': 1, 'clf__min_samples_split': 2, 'clf__n_estimators': 798, 'clf__random_state': 737, 'selector__k': 10, 'selector__num_features': 2}}","{0: 0.36363636363636365, 1: 0.33333333333333326, 2: 0.3295454545454545, 3: 0.3522727272727273}","{0: 0.0007427813488419571, 1: 0.0007013031550068589, 2: 0.0005150976657710647, 3: 0.00256381151583172}","{0: 0.2666666666666667, 1: 0.12359550561797761, 2: 0.2528089887640449, 3: 0.0}","{0: 0.000999343828952884, 1: 0.0006224671650380121, 2: 0.0007675755215815175, 3: 0.0}"
16,0,"{'selector__bootstrap': 1, 'selector__criterion': 1, 'selector__max_depth': 0, 'selector__max_features': 3, 'selector__max_features.frac': 0.34212702531355066, 'selector__min_samples_leaf': 0, 'selector__n_estimators': 115.0, 'selector__random_state': 900}",0.6118184208851772,0.5877777777777777,"(0.5675471698113208, 0.6640119462419114)",0.038702151984668566,"{0: {'clf__priors': None, 'selector__bootstrap': True, 'selector__criterion': 'entropy', 'selector__max_depth': None, 'selector__max_features': 'sqrt', 'selector__min_samples_leaf': 1, 'selector__min_samples_split': 2, 'selector__n_estimators': 93, 'selector__random_state': 236}, 1: {'clf__priors': None, 'selector__bootstrap': True, 'selector__criterion': 'gini', 'selector__max_depth': 4, 'selector__max_features': None, 'selector__min_samples_leaf': 1, 'selector__min_samples_split': 2, 'selector__n_estimators': 1414, 'selector__random_state': 107}, 2: {'clf__priors': None, 'selector__bootstrap': False, 'selector__criterion': 'entropy', 'selector__max_depth': None, 'selector__max_features': 0.7727247346328644, 'selector__min_samples_leaf': 37, 'selector__min_samples_split': 2, 'selector__n_estimators': 126, 'selector__random_state': 301}, 3: {'clf__priors': None, 'selector__bootstrap': True, 'selector__criterion': 'entropy', 'selector__max_depth': None, 'selector__max_features': 0.34212702531355066, 'selector__min_samples_leaf': 1, 'selector__min_samples_split': 2, 'selector__n_estimators': 115, 'selector__random_state': 900}}","{0: 0.38888888888888895, 1: 0.4318181818181819, 2: 0.4, 3: 0.37777777777777777}","{0: 0.0020453695201169964, 1: 0.002563173825800089, 2: 0.00017091509936627776, 3: 0.0002349675203210548}","{0: 0.3876404494382022, 1: 0.3277777777777777, 2: 0.34444444444444444, 3: 0.3388888888888889}","{0: 0.0014344974524665686, 1: 0.001782780714008997, 2: 2.436959349432994e-05, 3: 0.0009598133765723921}"
17,1,"{'selector__bootstrap': 1, 'selector__criterion': 0, 'selector__max_depth': 0, 'selector__max_features': 0, 'selector__min_samples_leaf': 0, 'selector__n_estimators': 2269.0, 'selector__random_state': 132}",0.613375490464873,0.5997635933806147,"(0.5859090909090908, 0.6472332015810276)",0.02410445663867949,"{0: {'clf__priors': None, 'selector__bootstrap': True, 'selector__criterion': 'gini', 'selector__max_depth': None, 'selector__max_features': 'sqrt', 'selector__min_samples_leaf': 1, 'selector__min_samples_split': 2, 'selector__n_estimators': 2269, 'selector__random_state': 132}, 1: {'clf__priors': None, 'selector__bootstrap': False, 'selector__criterion': 'entropy', 'selector__max_depth': None, 'selector__max_features': None, 'selector__min_samples_leaf': 6, 'selector__min_samples_split': 2, 'selector__n_estimators': 147, 'selector__random_state': 735}, 2: {'clf__priors': None, 'selector__bootstrap': True, 'selector__criterion': 'gini', 'selector__max_depth': None, 'selector__max_features': 0.0439290832716116, 'selector__min_samples_leaf': 2, 'selector__min_samples_split': 2, 'selector__n_estimators': 209, 'selector__random_state': 734}, 3: {'clf__priors': None, 'selector__bootstrap': True, 'selector__criterion': 'gini', 'selector__max_depth': None, 'selector__max_features': 0.6868599301873679, 'selector__min_samples_leaf': 22, 'selector__min_samples_split': 2, 'selector__n_estimators': 720, 'selector__random_state': 898}}","{0: 0.3555555555555556, 1: 0.4204545454545454, 2: 0.3555555555555556, 3: 0.4431818181818181}","{0: 0.00021091952068383164, 1: 0.0010575593193438294, 2: 0.0022487642984275902, 3: 0.0046337250167216475}","{0: 0.3089887640449438, 1: 0.37777777777777777, 2: 0.3089887640449438, 3: 0.38888888888888884}","{0: 0.0008182967295873931, 1: 0.0030652522188850885, 2: 0.002774902158818327, 3: 0.0020943268826298877}"
18,0,{},0.6268513903079125,0.6396276595744681,"(0.580943396226415, 0.6500746640119462)",0.024999850640890595,"{0: {'clf__priors': None}, 1: {'clf__priors': None}, 2: {'clf__priors': None}, 3: {'clf__priors': None}}","{0: 0.4204545454545454, 1: 0.4204545454545454, 2: 0.4204545454545454, 3: 0.4204545454545454}","{0: 0.0018170056343457008, 1: 0.0018170056343457008, 2: 0.0018170056343457008, 3: 0.0018170056343457008}","{0: 0.3314606741573034, 1: 0.3314606741573034, 2: 0.3314606741573034, 3: 0.3314606741573034}","{0: 0.0020923214825967463, 1: 0.0020923214825967463, 2: 0.0020923214825967463, 3: 0.0020923214825967463}"
19,1,{},0.6354949874077389,0.6468292682926828,"(0.6032608695652174, 0.6673758865248227)",0.02452992416691267,"{0: {'clf__priors': None}, 1: {'clf__priors': None}, 2: {'clf__priors': None}, 3: {'clf__priors': None}}","{0: 0.38888888888888884, 1: 0.38888888888888884, 2: 0.38888888888888884, 3: 0.38888888888888884}","{0: 0.002600769195887037, 1: 0.002600769195887037, 2: 0.002600769195887037, 3: 0.002600769195887037}","{0: 0.35, 1: 0.35, 2: 0.35, 3: 0.35}","{0: 0.0033258286692196535, 1: 0.0033258286692196535, 2: 0.0033258286692196535, 3: 0.0033258286692196535}"
20,0,"{'selector__num_features': 0, 'selector__num_neighbors': 159847.0}",0.6092325597969847,0.6066666666666667,"(0.580943396226415, 0.6500746640119462)",0.02277234265914791,"{0: {'clf__priors': None, 'selector__num_features': 0, 'selector__num_neighbors': 159847.0}, 1: {'clf__priors': None, 'selector__num_features': 0, 'selector__num_neighbors': 162364.0}, 2: {'clf__priors': None, 'selector__num_features': 7, 'selector__num_neighbors': 26820.0}, 3: {'clf__priors': None, 'selector__num_features': 8, 'selector__num_neighbors': 11002.0}}","{0: 0.4204545454545454, 1: 0.4204545454545454, 2: 0.4444444444444444, 3: 0.4545454545454546}","{0: 0.001409847634595106, 1: 0.001409847634595106, 2: 0.0011599723384235177, 3: 0.0015490482830550184}","{0: 0.3314606741573034, 1: 0.3314606741573034, 2: 0.3089887640449438, 3: 0.3258426966292135}","{0: 0.0020923214825967506, 1: 0.0020923214825967506, 2: 0.0032910545477467944, 3: 0.003325109980952163}"
21,1,"{'selector__num_features': 7, 'selector__num_neighbors': 47314.0}",0.6145446017221925,0.5970731707317074,"(0.5799054373522459, 0.700592885375494)",0.044951368345887074,"{0: {'clf__priors': None, 'selector__num_features': 7, 'selector__num_neighbors': 47314.0}, 1: {'clf__priors': None, 'selector__num_features': 5, 'selector__num_neighbors': 15703.0}, 2: {'clf__priors': None, 'selector__num_features': 2, 'selector__num_neighbors': 7158.0}, 3: {'clf__priors': None, 'selector__num_features': 5, 'selector__num_neighbors': 10299.0}}","{0: 0.34090909090909083, 1: 0.3666666666666667, 2: 0.38888888888888895, 3: 0.3666666666666667}","{0: 0.0031266083959686657, 1: 0.0011284562799714279, 2: 1.7359339749912036e-05, 3: 0.0011284562799714279}","{0: 0.3595505617977528, 1: 0.3707865168539326, 2: 0.3944444444444445, 3: 0.3707865168539326}","{0: 0.0012869923138454495, 1: 0.0007024961342364222, 2: 2.135370043930051e-05, 3: 0.0007024961342364222}"
22,0,"{'selector__k': 9.0, 'selector__num_features': 3}",0.5909481247306964,0.5968302214502823,"(0.5259308510638298, 0.6600298656047786)",0.04934341768215033,"{0: {'clf__priors': None, 'selector__k': 9, 'selector__num_features': 3}, 1: {'clf__priors': None, 'selector__k': 8, 'selector__num_features': 3}, 2: {'clf__priors': None, 'selector__k': 12, 'selector__num_features': 3}, 3: {'clf__priors': None, 'selector__k': 6, 'selector__num_features': 4}}","{0: 0.4, 1: 0.4545454545454546, 2: 0.4204545454545455, 3: 0.4111111111111111}","{0: 9.297520661157119e-05, 1: 0.0006736274076341434, 2: 0.0014447647065492172, 3: 0.000713036651588839}","{0: 0.3764044943820225, 1: 0.3539325842696629, 2: 0.3314606741573033, 3: 0.3314606741573034}","{0: 0.002692288509525387, 1: 0.001909722709285057, 2: 0.001726735151597336, 3: 0.0009671907549326685}"
23,1,"{'selector__k': 3.0, 'selector__num_features': 4}",0.5993768534216085,0.5955436720142604,"(0.5540909090909091, 0.6432624113475177)",0.037671769971411764,"{0: {'clf__priors': None, 'selector__k': 12, 'selector__num_features': 4}, 1: {'clf__priors': None, 'selector__k': 3, 'selector__num_features': 4}, 2: {'clf__priors': None, 'selector__k': 2, 'selector__num_features': 9}, 3: {'clf__priors': None, 'selector__k': 10, 'selector__num_features': 2}}","{0: 0.4431818181818181, 1: 0.4, 2: 0.4, 3: 0.4666666666666667}","{0: 0.0011956404675259923, 1: 0.00512211055561224, 2: 0.0016213198199730215, 3: 0.0026650908637440604}","{0: 0.4444444444444444, 1: 0.3555555555555556, 2: 0.398876404494382, 3: 0.4438202247191012}","{0: 0.0007279532849162534, 1: 0.003871838659159752, 2: 0.0012985883057469577, 3: 0.0006931107581745602}"
24,0,"{'clf__C': 0.44099940761849127, 'clf__random_state': 239, 'clf__tol': 0.07996701508721893, 'selector__bootstrap': 1, 'selector__criterion': 1, 'selector__max_depth': 0, 'selector__max_features': 0, 'selector__min_samples_leaf': 0, 'selector__n_estimators': 93.0, 'selector__random_state': 236}",0.6847988655126599,0.6933333333333334,"(0.631427304964539, 0.739173718267795)",0.03651449469593406,"{0: {'clf__C': 0.44099940761849127, 'clf__fit_intercept': True, 'clf__intercept_scaling': 1, 'clf__penalty': 'l1', 'clf__random_state': 239, 'clf__tol': 0.07996701508721893, 'selector__bootstrap': True, 'selector__criterion': 'entropy', 'selector__max_depth': None, 'selector__max_features': 'sqrt', 'selector__min_samples_leaf': 1, 'selector__min_samples_split': 2, 'selector__n_estimators': 93, 'selector__random_state': 236}, 1: {'clf__C': 15447.503768903112, 'clf__fit_intercept': True, 'clf__intercept_scaling': 1, 'clf__penalty': 'l1', 'clf__random_state': 775, 'clf__tol': 1.6272463137616632e-05, 'selector__bootstrap': True, 'selector__criterion': 'gini', 'selector__max_depth': 4, 'selector__max_features': None, 'selector__min_samples_leaf': 1, 'selector__min_samples_split': 2, 'selector__n_estimators': 1414, 'selector__random_state': 107}, 2: {'clf__C': 1.8776063563226962e-05, 'clf__fit_intercept': True, 'clf__intercept_scaling': 1, 'clf__penalty': 'l1', 'clf__random_state': 823, 'clf__tol': 8.74993406133266e-06, 'selector__bootstrap': False, 'selector__criterion': 'entropy', 'selector__max_depth': None, 'selector__max_features': 0.7727247346328644, 'selector__min_samples_leaf': 37, 'selector__min_samples_split': 2, 'selector__n_estimators': 126, 'selector__random_state': 301}, 3: {'clf__C': 4511.190905312403, 'clf__fit_intercept': True, 'clf__intercept_scaling': 1, 'clf__penalty': 'l1', 'clf__random_state': 510, 'clf__tol': 0.011919422072882168, 'selector__bootstrap': True, 'selector__criterion': 'entropy', 'selector__max_depth': None, 'selector__max_features': 0.34212702531355066, 'selector__min_samples_leaf': 1, 'selector__min_samples_split': 2, 'selector__n_estimators': 115, 'selector__random_state': 900}}","{0: 0.37777777777777777, 1: 0.4204545454545455, 2: 0.5, 3: 0.38888888888888884}","{0: 0.0017367275448083531, 1: 0.0015906681857860304, 2: 0.0, 3: 0.0028072532281286505}","{0: 0.3202247191011235, 1: 0.2833333333333333, 2: 0.5, 3: 0.3111111111111111}","{0: 0.0007245763159485242, 1: 0.0045324040953801485, 2: 0.0, 3: 0.010683652647396473}"
25,1,"{'clf__C': 5996.8033530845805, 'clf__random_state': 491, 'clf__tol': 0.0002481892050457547, 'selector__bootstrap': 0, 'selector__criterion': 1, 'selector__max_depth': 0, 'selector__max_features': 2, 'selector__min_samples_leaf': 1, 'selector__min_samples_leaf.gt1': 6.0, 'selector__n_estimators': 147.0, 'selector__random_state': 735}",0.5818319464263866,0.5848780487804879,"(0.5439723320158103, 0.63048128342246)",0.030818589792856593,"{0: {'clf__C': 37.01921899210486, 'clf__fit_intercept': True, 'clf__intercept_scaling': 1, 'clf__penalty': 'l1', 'clf__random_state': 292, 'clf__tol': 2.8369455235043378e-06, 'selector__bootstrap': True, 'selector__criterion': 'gini', 'selector__max_depth': None, 'selector__max_features': 'sqrt', 'selector__min_samples_leaf': 1, 'selector__min_samples_split': 2, 'selector__n_estimators': 2269, 'selector__random_state': 132}, 1: {'clf__C': 5996.8033530845805, 'clf__fit_intercept': True, 'clf__intercept_scaling': 1, 'clf__penalty': 'l1', 'clf__random_state': 491, 'clf__tol': 0.0002481892050457547, 'selector__bootstrap': False, 'selector__criterion': 'entropy', 'selector__max_depth': None, 'selector__max_features': None, 'selector__min_samples_leaf': 6, 'selector__min_samples_split': 2, 'selector__n_estimators': 147, 'selector__random_state': 735}, 2: {'clf__C': 4507.707327049383, 'clf__fit_intercept': True, 'clf__intercept_scaling': 1, 'clf__penalty': 'l1', 'clf__random_state': 933, 'clf__tol': 0.05447103596981671, 'selector__bootstrap': True, 'selector__criterion': 'gini', 'selector__max_depth': None, 'selector__max_features': 0.0439290832716116, 'selector__min_samples_leaf': 2, 'selector__min_samples_split': 2, 'selector__n_estimators': 209, 'selector__random_state': 734}, 3: {'clf__C': 2.5065023541106972e-05, 'clf__fit_intercept': True, 'clf__intercept_scaling': 1, 'clf__penalty': 'l1', 'clf__random_state': 586, 'clf__tol': 0.00011059926450595876, 'selector__bootstrap': True, 'selector__criterion': 'gini', 'selector__max_depth': None, 'selector__max_features': 0.6868599301873679, 'selector__min_samples_leaf': 22, 'selector__min_samples_split': 2, 'selector__n_estimators': 720, 'selector__random_state': 898}}","{0: 0.4222222222222223, 1: 0.28888888888888886, 2: 0.4111111111111112, 3: 0.5}","{0: 0.0016561235248103944, 1: 0.014214422564590929, 2: 0.0009727465451371153, 3: 0.0}","{0: 0.297752808988764, 1: 0.31666666666666676, 2: 0.2921348314606742, 3: 0.5}","{0: 0.004518530814149118, 1: 0.006264882691891074, 2: 0.0013787341700250162, 3: 0.0}"
26,0,"{'clf__C': 44539.24926537371, 'clf__random_state': 526, 'clf__tol': 1.9582056976278408e-05}",0.6671637614787163,0.6641509433962265,"(0.6176726009552758, 0.7088888888888889)",0.029841569032753174,"{0: {'clf__C': 0.015116130976611894, 'clf__fit_intercept': True, 'clf__intercept_scaling': 1, 'clf__penalty': 'l1', 'clf__random_state': 946, 'clf__tol': 0.00026930016227426796}, 1: {'clf__C': 16.869318046352046, 'clf__fit_intercept': True, 'clf__intercept_scaling': 1, 'clf__penalty': 'l1', 'clf__random_state': 988, 'clf__tol': 0.0004516695623193216}, 2: {'clf__C': 44539.24926537371, 'clf__fit_intercept': True, 'clf__intercept_scaling': 1, 'clf__penalty': 'l1', 'clf__random_state': 526, 'clf__tol': 1.9582056976278408e-05}, 3: {'clf__C': 2.3251318939774698e-05, 'clf__fit_intercept': True, 'clf__intercept_scaling': 1, 'clf__penalty': 'l1', 'clf__random_state': 163, 'clf__tol': 0.0004400061132034209}}","{0: 0.5, 1: 0.3522727272727272, 2: 0.3295454545454547, 3: 0.5}","{0: 0.0, 1: 0.0006477371923499858, 2: 0.001888086816537995, 3: 0.0}","{0: 0.5, 1: 0.0, 2: 0.0, 3: 0.5}","{0: 0.0, 1: 0.0, 2: 0.0, 3: 0.0}"
27,1,"{'clf__C': 0.05172537294241282, 'clf__random_state': 121, 'clf__tol': 0.0032600552639418623}",0.6870208305171893,0.7095454545454546,"(0.6081996434937611, 0.7544466403162056)",0.05233105098804418,"{0: {'clf__C': 53145.49314644718, 'clf__fit_intercept': True, 'clf__intercept_scaling': 1, 'clf__penalty': 'l1', 'clf__random_state': 956, 'clf__tol': 1.5767147739975036e-05}, 1: {'clf__C': 0.05172537294241282, 'clf__fit_intercept': True, 'clf__intercept_scaling': 1, 'clf__penalty': 'l1', 'clf__random_state': 121, 'clf__tol': 0.0032600552639418623}, 2: {'clf__C': 0.005107240225182663, 'clf__fit_intercept': True, 'clf__intercept_scaling': 1, 'clf__penalty': 'l1', 'clf__random_state': 591, 'clf__tol': 0.0026169004349060588}, 3: {'clf__C': 1.0738090130040246e-05, 'clf__fit_intercept': True, 'clf__intercept_scaling': 1, 'clf__penalty': 'l1', 'clf__random_state': 423, 'clf__tol': 0.014190413837139823}}","{0: 0.3295454545454546, 1: 0.30000000000000004, 2: 0.5, 3: 0.5}","{0: 0.003012291829631895, 1: 0.00028517498214467875, 2: 0.0, 3: 0.0}","{0: 0.0, 1: 0.297752808988764, 2: 0.5, 3: 0.5}","{0: 0.0, 1: 0.0009797444205978485, 2: 0.0, 3: 0.0}"
28,0,"{'clf__C': 6.825221259028344, 'clf__random_state': 41, 'clf__tol': 2.8514351039926438e-05, 'selector__num_features': 0, 'selector__num_neighbors': 159847.0}",0.6624207035655222,0.6600298656047786,"(0.6482848458532349, 0.6735849056603773)",0.009867767511564932,"{0: {'clf__C': 6.825221259028344, 'clf__fit_intercept': True, 'clf__intercept_scaling': 1, 'clf__penalty': 'l1', 'clf__random_state': 41, 'clf__tol': 2.8514351039926438e-05, 'selector__num_features': 0, 'selector__num_neighbors': 159847.0}, 1: {'clf__C': 3867.5711908093026, 'clf__fit_intercept': True, 'clf__intercept_scaling': 1, 'clf__penalty': 'l1', 'clf__random_state': 173, 'clf__tol': 1.0158397850948734e-05, 'selector__num_features': 0, 'selector__num_neighbors': 162364.0}, 2: {'clf__C': 533.6387354098698, 'clf__fit_intercept': True, 'clf__intercept_scaling': 1, 'clf__penalty': 'l1', 'clf__random_state': 791, 'clf__tol': 8.95491479693302e-06, 'selector__num_features': 7, 'selector__num_neighbors': 26820.0}, 3: {'clf__C': 0.0025388177328253643, 'clf__fit_intercept': True, 'clf__intercept_scaling': 1, 'clf__penalty': 'l1', 'clf__random_state': 244, 'clf__tol': 0.024799710924166978, 'selector__num_features': 8, 'selector__num_neighbors': 11002.0}}","{0: 0.3295454545454546, 1: 0.34090909090909094, 2: 0.3666666666666666, 3: 0.5}","{0: 0.0008910797084197745, 1: 0.0008183405321452453, 2: 0.0032359509800587195, 3: 0.0}","{0: 0.0, 1: 0.0, 2: 0.3314606741573034, 3: 0.5}","{0: 0.00010973936899862857, 1: 0.0, 2: 0.00028238041330290356, 3: 0.0}"
29,1,"{'clf__C': 0.8545839604059674, 'clf__random_state': 163, 'clf__tol': 4.0603351133086905e-05, 'selector__num_features': 5, 'selector__num_neighbors': 15703.0}",0.6515894193984756,0.6648780487804877,"(0.5472727272727274, 0.7066193853427897)",0.05750955073599713,"{0: {'clf__C': 6.056657399755797, 'clf__fit_intercept': True, 'clf__intercept_scaling': 1, 'clf__penalty': 'l1', 'clf__random_state': 950, 'clf__tol': 1.4771383226495498e-05, 'selector__num_features': 7, 'selector__num_neighbors': 47314.0}, 1: {'clf__C': 0.8545839604059674, 'clf__fit_intercept': True, 'clf__intercept_scaling': 1, 'clf__penalty': 'l1', 'clf__random_state': 163, 'clf__tol': 4.0603351133086905e-05, 'selector__num_features': 5, 'selector__num_neighbors': 15703.0}, 2: {'clf__C': 0.108275863280429, 'clf__fit_intercept': True, 'clf__intercept_scaling': 1, 'clf__penalty': 'l1', 'clf__random_state': 857, 'clf__tol': 0.00651843823374701, 'selector__num_features': 2, 'selector__num_neighbors': 7158.0}, 3: {'clf__C': 73.89231992179795, 'clf__fit_intercept': True, 'clf__intercept_scaling': 1, 'clf__penalty': 'l1', 'clf__random_state': 210, 'clf__tol': 2.371175487217886e-05, 'selector__num_features': 5, 'selector__num_neighbors': 10299.0}}","{0: 0.3666666666666667, 1: 0.34444444444444444, 2: 0.38888888888888884, 3: 0.36363636363636354}","{0: 0.0008715663934519162, 1: 0.0004709270029135332, 2: 1.417088959176395e-06, 3: 0.0006505005158203803}","{0: 0.33333333333333326, 1: 0.3033707865168539, 2: 0.3876404494382022, 3: 0.3146067415730337}","{0: 0.00019248723116079933, 1: 0.001190490663200335, 2: 3.4635579156239363e-07, 3: 0.0006247609062676363}"
30,0,"{'clf__C': 3867.5711908093026, 'clf__random_state': 173, 'clf__tol': 1.0158397850948734e-05, 'selector__k': 8.0, 'selector__num_features': 3}",0.561883827917331,0.5541509433962264,"(0.49468085106382975, 0.6353907416625186)",0.04509005346237219,"{0: {'clf__C': 587.8902901517976, 'clf__fit_intercept': True, 'clf__intercept_scaling': 1, 'clf__penalty': 'l1', 'clf__random_state': 822, 'clf__tol': 0.08469938429138986, 'selector__k': 9, 'selector__num_features': 3}, 1: {'clf__C': 3867.5711908093026, 'clf__fit_intercept': True, 'clf__intercept_scaling': 1, 'clf__penalty': 'l1', 'clf__random_state': 173, 'clf__tol': 1.0158397850948734e-05, 'selector__k': 8, 'selector__num_features': 3}, 2: {'clf__C': 6.568085999838003e-05, 'clf__fit_intercept': True, 'clf__intercept_scaling': 1, 'clf__penalty': 'l1', 'clf__random_state': 522, 'clf__tol': 0.03484912420933388, 'selector__k': 12, 'selector__num_features': 3}, 3: {'clf__C': 0.0008215924124914868, 'clf__fit_intercept': True, 'clf__intercept_scaling': 1, 'clf__penalty': 'l1', 'clf__random_state': 3, 'clf__tol': 1.5248383173233391e-06, 'selector__k': 6, 'selector__num_features': 4}}","{0: 0.4666666666666667, 1: 0.44318181818181823, 2: 0.5, 3: 0.5}","{0: 0.0015526193472321416, 1: 0.0005671331723520265, 2: 0.0, 3: 0.0}","{0: 0.37777777777777777, 1: 0.3651685393258426, 2: 0.5, 3: 0.5}","{0: 0.0032881321707554784, 1: 0.0017657555950747565, 2: 0.0, 3: 0.0}"
31,1,"{'clf__C': 19.25770287965853, 'clf__random_state': 676, 'clf__tol': 7.66406855539818e-05, 'selector__k': 3.0, 'selector__num_features': 4}",0.675378269158631,0.6882411067193677,"(0.6314634146341465, 0.7165775401069518)",0.030276221918937165,"{0: {'clf__C': 0.067937870536508, 'clf__fit_intercept': True, 'clf__intercept_scaling': 1, 'clf__penalty': 'l1', 'clf__random_state': 594, 'clf__tol': 0.07290095551256325, 'selector__k': 12, 'selector__num_features': 4}, 1: {'clf__C': 19.25770287965853, 'clf__fit_intercept': True, 'clf__intercept_scaling': 1, 'clf__penalty': 'l1', 'clf__random_state': 676, 'clf__tol': 7.66406855539818e-05, 'selector__k': 3, 'selector__num_features': 4}, 2: {'clf__C': 0.001917202385546166, 'clf__fit_intercept': True, 'clf__intercept_scaling': 1, 'clf__penalty': 'l1', 'clf__random_state': 249, 'clf__tol': 0.0001492364917096759, 'selector__k': 2, 'selector__num_features': 9}, 3: {'clf__C': 0.006327113450513198, 'clf__fit_intercept': True, 'clf__intercept_scaling': 1, 'clf__penalty': 'l1', 'clf__random_state': 550, 'clf__tol': 1.0362475635696462e-06, 'selector__k': 10, 'selector__num_features': 2}}","{0: 0.4888888888888888, 1: 0.3555555555555554, 2: 0.5, 3: 0.5}","{0: 0.010441579090568994, 1: 0.0032330034350236355, 2: 0.0, 3: 0.0}","{0: 0.449438202247191, 1: 0.33333333333333326, 2: 0.5, 3: 0.5}","{0: 0.0044317920673786655, 1: 0.0001644324120442456, 2: 0.0, 3: 0.0}"
32,0,"{'clf__n_components': 6.0, 'clf__tol': 8.744732545915628e-06, 'selector__bootstrap': 1, 'selector__criterion': 1, 'selector__max_depth': 0, 'selector__max_features': 0, 'selector__min_samples_leaf': 0, 'selector__n_estimators': 93.0, 'selector__random_state': 236}",0.6938180354913438,0.6817375886524822,"(0.6382222222222222, 0.792931806869089)",0.05306641005126623,"{0: {'clf__n_components': 6, 'clf__tol': 8.744732545915628e-06, 'selector__bootstrap': True, 'selector__criterion': 'entropy', 'selector__max_depth': None, 'selector__max_features': 'sqrt', 'selector__min_samples_leaf': 1, 'selector__min_samples_split': 2, 'selector__n_estimators': 93, 'selector__random_state': 236}, 1: {'clf__n_components': 3, 'clf__tol': 5.331777011731635e-08, 'selector__bootstrap': True, 'selector__criterion': 'gini', 'selector__max_depth': 4, 'selector__max_features': None, 'selector__min_samples_leaf': 1, 'selector__min_samples_split': 2, 'selector__n_estimators': 1414, 'selector__random_state': 107}, 2: {'clf__n_components': 12, 'clf__tol': 3.674539059074302e-08, 'selector__bootstrap': False, 'selector__criterion': 'entropy', 'selector__max_depth': None, 'selector__max_features': 0.7727247346328644, 'selector__min_samples_leaf': 37, 'selector__min_samples_split': 2, 'selector__n_estimators': 126, 'selector__random_state': 301}, 3: {'clf__n_components': 9, 'clf__tol': 2.790956831470569e-06, 'selector__bootstrap': True, 'selector__criterion': 'entropy', 'selector__max_depth': None, 'selector__max_features': 0.34212702531355066, 'selector__min_samples_leaf': 1, 'selector__min_samples_split': 2, 'selector__n_estimators': 115, 'selector__random_state': 900}}","{0: 0.3214814814814815, 1: 0.3997933884297521, 2: 0.39101239669421484, 3: 0.3760330578512395}","{0: 4.823627873375103e-05, 1: 0.001454445716525053, 2: 0.0006139254108758983, 3: 0.005226071304996944}","{0: 0.23864197530864206, 1: 0.2524691358024691, 2: 0.30261330640070694, 3: 0.2088888888888889}","{0: 0.0012366829659317586, 1: 0.003558635314839588, 2: 0.01643989120457374, 3: 0.01249782161464813}"
33,1,"{'clf__n_components': 21.0, 'clf__tol': 2.7344484018835194e-07, 'selector__bootstrap': 0, 'selector__criterion': 1, 'selector__max_depth': 0, 'selector__max_features': 2, 'selector__min_samples_leaf': 1, 'selector__min_samples_leaf.gt1': 6.0, 'selector__n_estimators': 147.0, 'selector__random_state': 735}",0.6743365832691208,0.6787878787878787,"(0.588780487804878, 0.7300236406619385)",0.052915414813338654,"{0: {'clf__n_components': 24, 'clf__tol': 1.8694359831741932e-08, 'selector__bootstrap': True, 'selector__criterion': 'gini', 'selector__max_depth': None, 'selector__max_features': 'sqrt', 'selector__min_samples_leaf': 1, 'selector__min_samples_split': 2, 'selector__n_estimators': 2269, 'selector__random_state': 132}, 1: {'clf__n_components': 21, 'clf__tol': 2.7344484018835194e-07, 'selector__bootstrap': False, 'selector__criterion': 'entropy', 'selector__max_depth': None, 'selector__max_features': None, 'selector__min_samples_leaf': 6, 'selector__min_samples_split': 2, 'selector__n_estimators': 147, 'selector__random_state': 735}, 2: {'clf__n_components': 27, 'clf__tol': 6.945433877269359e-06, 'selector__bootstrap': True, 'selector__criterion': 'gini', 'selector__max_depth': None, 'selector__max_features': 0.0439290832716116, 'selector__min_samples_leaf': 2, 'selector__min_samples_split': 2, 'selector__n_estimators': 209, 'selector__random_state': 734}, 3: {'clf__n_components': 30, 'clf__tol': 1.683648172710037e-07, 'selector__bootstrap': True, 'selector__criterion': 'gini', 'selector__max_depth': None, 'selector__max_features': 0.6868599301873679, 'selector__min_samples_leaf': 22, 'selector__min_samples_split': 2, 'selector__n_estimators': 720, 'selector__random_state': 898}}","{0: 0.42222222222222217, 1: 0.26370370370370366, 2: 0.3841975308641975, 3: 0.33432098765432094}","{0: 0.004613447046638496, 1: 0.016118528665705387, 2: 0.0029700756332172048, 3: 0.007852591345349727}","{0: 0.24794849135210206, 1: 0.30246913580246915, 2: 0.2612043933846737, 3: 0.32685267011740926}","{0: 0.004647461575868945, 1: 0.004670632953901511, 2: 0.0032773823234438144, 3: 0.009721656256803287}"
34,0,"{'clf__n_components': 3.0, 'clf__tol': 3.855451340006997e-07}",0.6985350223228266,0.7029960920538428,"(0.6264150943396226, 0.7406669985067198)",0.04001267186679197,"{0: {'clf__n_components': 21, 'clf__tol': 2.8717191816925705e-07}, 1: {'clf__n_components': 21, 'clf__tol': 3.91644917426176e-07}, 2: {'clf__n_components': 30, 'clf__tol': 5.958198748137238e-08}, 3: {'clf__n_components': 3, 'clf__tol': 3.855451340006997e-07}}","{0: 0.40987654320987654, 1: 0.40987654320987654, 2: 0.44098765432098763, 3: 0.3288888888888889}","{0: 0.004404825571435253, 1: 0.004404825571435253, 2: 0.004355405380865224, 3: 0.0007394125091150431}","{0: 0.026543209876543128, 1: 0.026543209876543128, 2: 0.018765432098765467, 3: 0.09430627446029538}","{0: 0.0001276200172425077, 1: 0.0001276200172425077, 2: 7.9991631339165e-05, 3: 0.00011742479247347214}"
35,1,"{'clf__n_components': 3.0, 'clf__tol': 1.2821386062062392e-06}",0.720085792593742,0.7119429590017825,"(0.6622727272727271, 0.7959486166007904)",0.049213610160160334,"{0: {'clf__n_components': 21, 'clf__tol': 5.2318090192307873e-08}, 1: {'clf__n_components': 3, 'clf__tol': 1.2821386062062392e-06}, 2: {'clf__n_components': 12, 'clf__tol': 1.1237567661049228e-06}, 3: {'clf__n_components': 0, 'clf__tol': 3.0988248973241484e-06}}","{0: 0.36444444444444435, 1: 0.28246913580246913, 2: 0.30913580246913586, 3: 0.3086419753086419}","{0: 0.00018807979873060568, 1: 0.0010583715532679174, 2: 0.0004349233250163762, 3: 0.0002430223104837451}","{0: 0.03194041156419636, 1: 0.10377477591213224, 2: 0.046458780457012905, 3: 0.23847998990026498}","{0: 3.453327587866698e-05, 1: 0.00019746439029060358, 2: 4.4256129156031937e-05, 3: 0.0002553455187637195}"
36,0,"{'clf__n_components': 15.0, 'clf__tol': 4.3317957525490675e-06, 'selector__num_features': 8, 'selector__num_neighbors': 11002.0}",0.6671813717170099,0.6560477849676456,"(0.600754716981132, 0.7304964539007093)",0.04478954083737432,"{0: {'clf__n_components': 24, 'clf__tol': 7.465142377481629e-08, 'selector__num_features': 0, 'selector__num_neighbors': 159847.0}, 1: {'clf__n_components': 15, 'clf__tol': 4.018788313836592e-08, 'selector__num_features': 0, 'selector__num_neighbors': 162364.0}, 2: {'clf__n_components': 21, 'clf__tol': 3.7259487319074025e-08, 'selector__num_features': 7, 'selector__num_neighbors': 26820.0}, 3: {'clf__n_components': 15, 'clf__tol': 4.3317957525490675e-06, 'selector__num_features': 8, 'selector__num_neighbors': 11002.0}}","{0: 0.428641975308642, 1: 0.3792592592592592, 2: 0.3580246913580247, 3: 0.331111111111111}","{0: 0.0041450986636816095, 1: 0.003139102106745393, 2: 0.0030867552554725546, 3: 0.0029486007449485}","{0: 0.02320987654320983, 1: 0.03572781214493115, 2: 0.24264613053907347, 3: 0.23538694609266508}","{0: 7.190585219600026e-05, 1: 0.0001039252979900086, 2: 0.000484415089864799, 3: 0.00047915288393877525}"
37,1,"{'clf__n_components': 21.0, 'clf__tol': 5.0309812567203237e-08, 'selector__num_features': 7, 'selector__num_neighbors': 47314.0}",0.6861139039953524,0.675609756097561,"(0.6113636363636363, 0.7848320158102767)",0.05606175263397818,"{0: {'clf__n_components': 21, 'clf__tol': 5.0309812567203237e-08, 'selector__num_features': 7, 'selector__num_neighbors': 47314.0}, 1: {'clf__n_components': 18, 'clf__tol': 9.228627725999558e-08, 'selector__num_features': 5, 'selector__num_neighbors': 15703.0}, 2: {'clf__n_components': 15, 'clf__tol': 1.9430596481639744e-06, 'selector__num_features': 2, 'selector__num_neighbors': 7158.0}, 3: {'clf__n_components': 9, 'clf__tol': 6.683103976795143e-08, 'selector__num_features': 5, 'selector__num_neighbors': 10299.0}}","{0: 0.3034567901234567, 1: 0.3078512396694214, 2: 0.3176652892561984, 3: 0.3078512396694214}","{0: 0.00023892674797979557, 1: 2.2404584929400852e-05, 2: 0.00022282594984672247, 3: 2.2404584929400852e-05}","{0: 0.27382906198712287, 1: 0.2793839161722005, 2: 0.3095061728395062, 3: 0.2793839161722005}","{0: 0.00014297853242847377, 1: 5.174303400852778e-05, 2: 6.486226156096277e-05, 3: 5.174303400852778e-05}"
38,0,"{'clf__n_components': 18.0, 'clf__tol': 5.3126979002083044e-06, 'selector__k': 12.0, 'selector__num_features': 3}",0.5622028626122455,0.5549645390070922,"(0.5388679245283019, 0.6067695370831259)",0.02322181320184085,"{0: {'clf__n_components': 6, 'clf__tol': 9.051658320936415e-06, 'selector__k': 9, 'selector__num_features': 3}, 1: {'clf__n_components': 15, 'clf__tol': 4.018788313836592e-08, 'selector__k': 8, 'selector__num_features': 3}, 2: {'clf__n_components': 18, 'clf__tol': 5.3126979002083044e-06, 'selector__k': 12, 'selector__num_features': 3}, 3: {'clf__n_components': 27, 'clf__tol': 1.2880546150944635e-08, 'selector__k': 6, 'selector__num_features': 4}}","{0: 0.41580246913580243, 1: 0.38123456790123456, 2: 0.3698765432098765, 3: 0.38429752066115697}","{0: 0.0016489398399790235, 1: 0.0003528400278165705, 2: 0.002415697415526658, 3: 0.0052534635227838}","{0: 0.3749382716049382, 1: 0.355763161217018, 2: 0.3979012345679013, 3: 0.33530864197530863}","{0: 0.002444408615171506, 1: 0.0007817098430375106, 2: 0.0022333456086033386, 3: 0.0030185061183145745}"
39,1,"{'clf__n_components': 12.0, 'clf__tol': 2.0152318508322015e-07, 'selector__k': 2.0, 'selector__num_features': 9}",0.651984492931792,0.6845454545454546,"(0.4624390243902439, 0.7194295900178254)",0.09576636185821666,"{0: {'clf__n_components': 9, 'clf__tol': 8.272560126781223e-06, 'selector__k': 12, 'selector__num_features': 4}, 1: {'clf__n_components': 6, 'clf__tol': 1.3510630867871866e-07, 'selector__k': 3, 'selector__num_features': 4}, 2: {'clf__n_components': 12, 'clf__tol': 2.0152318508322015e-07, 'selector__k': 2, 'selector__num_features': 9}, 3: {'clf__n_components': 30, 'clf__tol': 1.0215934822362271e-08, 'selector__k': 10, 'selector__num_features': 2}}","{0: 0.3916049382716049, 1: 0.35012345679012347, 2: 0.2785185185185185, 3: 0.3718518518518519}","{0: 0.003827399817943926, 1: 0.005353095902074959, 2: 0.0023486166667764925, 3: 0.002029496464055219}","{0: 0.3070370370370371, 1: 0.2860493827160494, 2: 0.2753440222194168, 3: 0.30148148148148146}","{0: 0.0017786501349847997, 1: 0.0004371717472424505, 2: 0.00041025565215853675, 3: 0.0025729972376925055}"
