,exp_id,oob_avg_score,oob_std_score,oob_median_score,oob_score_ci,test_loss,trainig_loss,test_loss_var,trainig_loss_var,model_params,params
0,0,0.7818803597058119,0.035543182441129195,0.7665816326530611,"(0.7510504201680672, 0.8480392156862745)","{0: 0.20999999999999996, 1: 0.39, 2: 0.41000000000000003, 3: 0.38}","{0: 0.0, 1: 0.34343434343434354, 2: 0.4049999999999999, 3: 0.36}","{0: 0.001305039566847152, 1: 0.0016448979591836726, 2: 0.00018400666389004668, 3: 0.006096830024526806}","{0: 0.0, 1: 0.0017919350633155363, 2: 0.003432507453887925, 3: 0.0002117607046899975}","{'clf__C': 2904.6610181242827, 'clf__gamma': 0.5391263464279801, 'clf__random_state': 503, 'clf__shrinking': 1, 'clf__tol': 0.008744732545915634, 'selector__bootstrap': 1, 'selector__criterion': 1, 'selector__max_depth': 0, 'selector__max_features': 0, 'selector__min_samples_leaf': 0, 'selector__n_estimators': 93.0, 'selector__random_state': 236}","{0: {'clf__C': 2904.6610181242827, 'clf__cache_size': 500, 'clf__class_weight': 'balanced', 'clf__coef0': 0.0, 'clf__gamma': 0.017970878214266003, 'clf__kernel': 'rbf', 'clf__max_iter': -1, 'clf__random_state': 503, 'clf__shrinking': True, 'clf__tol': 0.008744732545915634, 'clf__verbose': False, 'selector__bootstrap': True, 'selector__criterion': 'entropy', 'selector__max_depth': None, 'selector__max_features': 'sqrt', 'selector__min_samples_leaf': 1, 'selector__min_samples_split': 2, 'selector__n_estimators': 93, 'selector__n_jobs': -1, 'selector__oob_score': False, 'selector__random_state': 236, 'selector__verbose': False}, 1: {'clf__C': 0.00014318155811143593, 'clf__cache_size': 500, 'clf__class_weight': 'balanced', 'clf__coef0': 0.0, 'clf__gamma': 0.0015946267105353758, 'clf__kernel': 'rbf', 'clf__max_iter': -1, 'clf__random_state': 526, 'clf__shrinking': True, 'clf__tol': 5.331777011731634e-05, 'clf__verbose': False, 'selector__bootstrap': True, 'selector__criterion': 'gini', 'selector__max_depth': 4, 'selector__max_features': None, 'selector__min_samples_leaf': 1, 'selector__min_samples_split': 2, 'selector__n_estimators': 1414, 'selector__n_jobs': -1, 'selector__oob_score': False, 'selector__random_state': 107, 'selector__verbose': False}, 2: {'clf__C': 0.005899387449557289, 'clf__cache_size': 500, 'clf__class_weight': 'balanced', 'clf__coef0': 0.0, 'clf__gamma': 2.7096055179331862e-06, 'clf__kernel': 'rbf', 'clf__max_iter': -1, 'clf__random_state': 86, 'clf__shrinking': True, 'clf__tol': 3.674539059074307e-05, 'clf__verbose': False, 'selector__bootstrap': False, 'selector__criterion': 'entropy', 'selector__max_depth': None, 'selector__max_features': 0.7727247346328644, 'selector__min_samples_leaf': 37, 'selector__min_samples_split': 2, 'selector__n_estimators': 126, 'selector__n_jobs': -1, 'selector__oob_score': False, 'selector__random_state': 301, 'selector__verbose': False}, 3: {'clf__C': 0.4555422039723497, 'clf__cache_size': 500, 'clf__class_weight': 'balanced', 'clf__coef0': 0.0, 'clf__gamma': 8.319521298500281e-05, 'clf__kernel': 'rbf', 'clf__max_iter': -1, 'clf__random_state': 853, 'clf__shrinking': False, 'clf__tol': 0.0027909568314705706, 'clf__verbose': False, 'selector__bootstrap': True, 'selector__criterion': 'entropy', 'selector__max_depth': None, 'selector__max_features': 0.34212702531355066, 'selector__min_samples_leaf': 1, 'selector__min_samples_split': 2, 'selector__n_estimators': 115, 'selector__n_jobs': -1, 'selector__oob_score': False, 'selector__random_state': 900, 'selector__verbose': False}}"
1,1,0.6287177839143008,0.0572851261375617,0.598989898989899,"(0.5790273556231003, 0.7384992458521871)","{0: 0.44897959183673475, 1: 0.35, 2: 0.4693877551020408, 3: 0.36734693877551017}","{0: 0.43999999999999995, 1: 0.31818181818181823, 2: 0.41500000000000004, 3: 0.31499999999999995}","{0: 0.003480503493914573, 1: 0.00025212642880281534, 2: 0.002011421167106292, 3: 0.0037630154102457265}","{0: 0.0016556949971091364, 1: 0.00016181398723486267, 2: 0.007398558537110728, 3: 0.00308923635910168}","{'clf__C': 44624.525245550605, 'clf__gamma': 0.0026105577626440377, 'clf__random_state': 433, 'clf__shrinking': 1, 'clf__tol': 0.00027344484018835185, 'selector__bootstrap': 0, 'selector__criterion': 1, 'selector__max_depth': 0, 'selector__max_features': 2, 'selector__min_samples_leaf': 1, 'selector__min_samples_leaf.gt1': 6.0, 'selector__n_estimators': 147.0, 'selector__random_state': 735}","{0: {'clf__C': 0.6457932889098997, 'clf__coef0': 0.0, 'clf__gamma': 2.6756996448088205e-05, 'clf__kernel': 'rbf', 'clf__random_state': 74, 'clf__shrinking': False, 'clf__tol': 1.8694359831741963e-05, 'selector__bootstrap': True, 'selector__criterion': 'gini', 'selector__max_depth': None, 'selector__max_features': 'sqrt', 'selector__min_samples_leaf': 1, 'selector__min_samples_split': 2, 'selector__n_estimators': 2269, 'selector__random_state': 132}, 1: {'clf__C': 44624.525245550605, 'clf__coef0': 0.0, 'clf__gamma': 8.701859208813458e-05, 'clf__kernel': 'rbf', 'clf__random_state': 433, 'clf__shrinking': True, 'clf__tol': 0.00027344484018835185, 'selector__bootstrap': False, 'selector__criterion': 'entropy', 'selector__max_depth': None, 'selector__max_features': None, 'selector__min_samples_leaf': 6, 'selector__min_samples_split': 2, 'selector__n_estimators': 147, 'selector__random_state': 735}, 2: {'clf__C': 0.00017221696639168802, 'clf__coef0': 0.0, 'clf__gamma': 0.00018689064209053793, 'clf__kernel': 'rbf', 'clf__random_state': 107, 'clf__shrinking': True, 'clf__tol': 0.006945433877269369, 'selector__bootstrap': True, 'selector__criterion': 'gini', 'selector__max_depth': None, 'selector__max_features': 0.0439290832716116, 'selector__min_samples_leaf': 2, 'selector__min_samples_split': 2, 'selector__n_estimators': 209, 'selector__random_state': 734}, 3: {'clf__C': 3.819128576333928e-05, 'clf__coef0': 0.0, 'clf__gamma': 0.004182169334570971, 'clf__kernel': 'rbf', 'clf__random_state': 307, 'clf__shrinking': False, 'clf__tol': 0.00016836481727100394, 'selector__bootstrap': True, 'selector__criterion': 'gini', 'selector__max_depth': None, 'selector__max_features': 0.6868599301873679, 'selector__min_samples_leaf': 22, 'selector__min_samples_split': 2, 'selector__n_estimators': 720, 'selector__random_state': 898}}"
2,0,0.8743596554948214,0.021275758094284128,0.8804271708683472,"(0.832908163265306, 0.8926010430247718)","{0: 0.42999999999999994, 1: 0.11224489795918358, 2: 0.28, 3: 0.36}","{0: 0.0, 1: 0.0, 2: 0.0, 3: 0.3282828282828283}","{0: 0.0011971215697163219, 1: 0.0013834328289138824, 2: 0.0011278911564625855, 3: 0.0014385487528344664}","{0: 0.028574181772834967, 1: 0.0, 2: 0.0, 3: 0.0006777086238365693}","{'clf__C': 29.295398547466416, 'clf__gamma': 0.1816089556740832, 'clf__random_state': 988, 'clf__shrinking': 1, 'clf__tol': 0.0003916449174261763}","{0: {'clf__C': 0.0009035747819846421, 'clf__coef0': 0.0, 'clf__gamma': 0.9103613150997474, 'clf__kernel': 'rbf', 'clf__random_state': 32, 'clf__shrinking': False, 'clf__tol': 0.0002871719181692575}, 1: {'clf__C': 29.295398547466416, 'clf__coef0': 0.0, 'clf__gamma': 0.0060536318558027736, 'clf__kernel': 'rbf', 'clf__random_state': 988, 'clf__shrinking': True, 'clf__tol': 0.0003916449174261763}, 2: {'clf__C': 9.849629436057668, 'clf__coef0': 0.0, 'clf__gamma': 0.31360843309864134, 'clf__kernel': 'rbf', 'clf__random_state': 69, 'clf__shrinking': False, 'clf__tol': 5.958198748137258e-05}, 3: {'clf__C': 0.0008215924124914868, 'clf__coef0': 0.0, 'clf__gamma': 0.0001257355788649623, 'clf__kernel': 'rbf', 'clf__random_state': 272, 'clf__shrinking': True, 'clf__tol': 0.0003855451340007003}}"
3,1,0.6661776508000178,0.023755424141512573,0.66,"(0.6327041602465332, 0.7058823529411764)","{0: 0.4591836734693877, 1: 0.35, 2: 0.3500000000000001, 3: 0.32999999999999996}","{0: 0.0, 1: 0.36363636363636365, 2: 0.36363636363636376, 3: 0.18686868686868685}","{0: 0.0006817807395066855, 1: 0.002425850340136054, 2: 0.0020956916099773228, 3: 0.0016101901985283897}","{0: 0.0, 1: 0.00033674341620469557, 2: 0.0004289108821095345, 3: 0.0011634391048532474}","{'clf__C': 0.006327113450513198, 'clf__gamma': 1.3870307222818212, 'clf__random_state': 737, 'clf__shrinking': 1, 'clf__tol': 0.0030988248973241508}","{0: {'clf__C': 0.067937870536508, 'clf__coef0': 0.0, 'clf__gamma': 0.5507037187628762, 'clf__kernel': 'rbf', 'clf__random_state': 266, 'clf__shrinking': False, 'clf__tol': 5.231809019230796e-05}, 1: {'clf__C': 0.0002860447320467618, 'clf__coef0': 0.0, 'clf__gamma': 0.00020281905160876945, 'clf__kernel': 'rbf', 'clf__random_state': 193, 'clf__shrinking': True, 'clf__tol': 0.00128213860620624}, 2: {'clf__C': 0.22271530457812172, 'clf__coef0': 0.0, 'clf__gamma': 1.6681124769706114e-06, 'clf__kernel': 'rbf', 'clf__random_state': 681, 'clf__shrinking': True, 'clf__tol': 0.0011237567661049235}, 3: {'clf__C': 0.006327113450513198, 'clf__coef0': 0.0, 'clf__gamma': 0.04623435740939404, 'clf__kernel': 'rbf', 'clf__random_state': 737, 'clf__shrinking': True, 'clf__tol': 0.0030988248973241508}}"
4,0,0.808745507474321,0.012161908885540272,0.8035714285714285,"(0.7983193277310925, 0.8306100217864923)","{0: 0.16000000000000003, 1: 0.35, 2: 0.3400000000000001, 3: 0.36734693877551017}","{0: 0.010000000000000009, 1: 0.297979797979798, 2: 0.3282828282828283, 3: 0.16161616161616155}","{0: 0.0017922902494331074, 1: 0.002896024804479614, 2: 0.002696024804479617, 3: 0.0011335369521958494}","{0: 5.557256062306826e-06, 1: 0.0014653470734278821, 2: 0.00014312371753449262, 3: 0.0010577293700189362}","{'clf__C': 18863.55309880673, 'clf__gamma': 0.0022119633911854074, 'clf__random_state': 935, 'clf__shrinking': 1, 'clf__tol': 7.465142377481655e-05, 'selector__num_features': 0, 'selector__num_neighbors': 159847.0}","{0: {'clf__C': 18863.55309880673, 'clf__coef0': 0.0, 'clf__gamma': 7.373211303951357e-05, 'clf__kernel': 'rbf', 'clf__random_state': 935, 'clf__shrinking': True, 'clf__tol': 7.465142377481655e-05, 'selector__num_features': 0, 'selector__num_neighbors': 159847.0}, 1: {'clf__C': 337.3190477649155, 'clf__coef0': 0.0, 'clf__gamma': 1.4399946248005626e-06, 'clf__kernel': 'rbf', 'clf__random_state': 728, 'clf__shrinking': True, 'clf__tol': 4.018788313836591e-05, 'selector__num_features': 0, 'selector__num_neighbors': 162364.0}, 2: {'clf__C': 72047.92868545426, 'clf__coef0': 0.0, 'clf__gamma': 3.603407693716045e-05, 'clf__kernel': 'rbf', 'clf__random_state': 459, 'clf__shrinking': True, 'clf__tol': 3.725948731907409e-05, 'selector__num_features': 7, 'selector__num_neighbors': 26820.0}, 3: {'clf__C': 1.7775944796784775e-05, 'clf__coef0': 0.0, 'clf__gamma': 0.736405192694784, 'clf__kernel': 'rbf', 'clf__random_state': 547, 'clf__shrinking': False, 'clf__tol': 0.00433179575254907, 'selector__num_features': 8, 'selector__num_neighbors': 11002.0}}"
5,1,0.5528444731131352,0.020517995684420903,0.55,"(0.5333333333333333, 0.5905775075987842)","{0: 0.44000000000000006, 1: 0.4693877551020408, 2: 0.47, 3: 0.4693877551020408}","{0: 0.36363636363636365, 1: 0.38383838383838387, 2: 0.41414141414141414, 3: 0.38383838383838387}","{0: 0.0008087000786709254, 1: 0.0008209449766301038, 2: 0.0016952473506409323, 3: 0.0008209449766301038}","{0: 0.00022365971726241103, 1: 0.0002086663492387393, 2: 0.0006929995805416674, 3: 0.0001953746216372485}","{'clf__C': 0.05006341976884374, 'clf__gamma': 0.6184824141439559, 'clf__random_state': 300, 'clf__shrinking': 0, 'clf__tol': 5.030981256720323e-05, 'selector__num_features': 7, 'selector__num_neighbors': 47314.0}","{0: {'clf__C': 0.05006341976884374, 'clf__coef0': 0.0, 'clf__gamma': 0.020616080471465195, 'clf__kernel': 'rbf', 'clf__random_state': 300, 'clf__shrinking': False, 'clf__tol': 5.030981256720323e-05, 'selector__num_features': 7, 'selector__num_neighbors': 47314.0}, 1: {'clf__C': 0.0014716871434009115, 'clf__coef0': 0.0, 'clf__gamma': 0.0038412849854888133, 'clf__kernel': 'rbf', 'clf__random_state': 878, 'clf__shrinking': True, 'clf__tol': 9.228627725999573e-05, 'selector__num_features': 5, 'selector__num_neighbors': 15703.0}, 2: {'clf__C': 64206.9630206105, 'clf__coef0': 0.0, 'clf__gamma': 2.6023054243429337e-05, 'clf__kernel': 'rbf', 'clf__random_state': 249, 'clf__shrinking': True, 'clf__tol': 0.0019430596481639772, 'selector__num_features': 2, 'selector__num_neighbors': 7158.0}, 3: {'clf__C': 69.8579382854098, 'clf__coef0': 0.0, 'clf__gamma': 5.619275941792785e-05, 'clf__kernel': 'rbf', 'clf__random_state': 356, 'clf__shrinking': False, 'clf__tol': 6.683103976795142e-05, 'selector__num_features': 5, 'selector__num_neighbors': 10299.0}}"
6,0,0.6045908186539862,0.0344139508529638,0.5970388155262105,"(0.555672268907563, 0.6535202086049544)","{0: 0.3999999999999999, 1: 0.48, 2: 0.49, 3: 0.3877551020408164}","{0: 0.2929292929292928, 1: 0.4700000000000001, 2: 0.4650000000000001, 3: 0.3282828282828283}","{0: 0.001452876116432968, 1: 0.000422222222222223, 2: 0.00020547919848211437, 3: 0.0002800314683696616}","{0: 0.0016793660510832267, 1: 0.0003815007538913262, 2: 0.00013975274631840176, 3: 0.0009608004852112604}","{'clf__C': 50380.86110162918, 'clf__gamma': 0.018455350023471363, 'clf__random_state': 112, 'clf__shrinking': 1, 'clf__tol': 1.2880546150944655e-05, 'selector__k': 6.0, 'selector__num_features': 4}","{0: {'clf__C': 63947.23501959493, 'clf__coef0': 0.0, 'clf__gamma': 0.0035174467501028345, 'clf__kernel': 'rbf', 'clf__random_state': 41, 'clf__shrinking': False, 'clf__tol': 0.009051658320936413, 'selector__k': 9, 'selector__num_features': 3}, 1: {'clf__C': 337.3190477649155, 'clf__coef0': 0.0, 'clf__gamma': 1.4399946248005626e-06, 'clf__kernel': 'rbf', 'clf__random_state': 728, 'clf__shrinking': True, 'clf__tol': 4.018788313836591e-05, 'selector__k': 8, 'selector__num_features': 3}, 2: {'clf__C': 0.0004244484521476261, 'clf__coef0': 0.0, 'clf__gamma': 4.177370801119848e-05, 'clf__kernel': 'rbf', 'clf__random_state': 709, 'clf__shrinking': False, 'clf__tol': 0.005312697900208308, 'selector__k': 12, 'selector__num_features': 3}, 3: {'clf__C': 50380.86110162918, 'clf__coef0': 0.0, 'clf__gamma': 0.0006151783341157121, 'clf__kernel': 'rbf', 'clf__random_state': 112, 'clf__shrinking': True, 'clf__tol': 1.2880546150944655e-05, 'selector__k': 6, 'selector__num_features': 4}}"
7,1,0.6340562956814839,0.053337297320569646,0.6342449922958397,"(0.56, 0.7194570135746606)","{0: 0.36, 1: 0.3400000000000001, 2: 0.41836734693877553, 3: 0.4897959183673469}","{0: 0.3232323232323232, 1: 0.30808080808080807, 2: 0.36, 3: 0.4747474747474747}","{0: 0.0032293581378129484, 1: 6.530612244897904e-05, 2: 0.004023721597482526, 3: 0.0004653153778518218}","{0: 0.00016216939314582567, 1: 9.27343014885097e-05, 2: 0.011390211883141182, 3: 0.00026830822251697764}","{'clf__C': 7749.149680983517, 'clf__gamma': 0.03033413307548762, 'clf__random_state': 163, 'clf__shrinking': 0, 'clf__tol': 0.00013510630867871886, 'selector__k': 3.0, 'selector__num_features': 4}","{0: {'clf__C': 130.04121453013252, 'clf__coef0': 0.0, 'clf__gamma': 0.0116311308476812, 'clf__kernel': 'rbf', 'clf__random_state': 249, 'clf__shrinking': False, 'clf__tol': 0.008272560126781237, 'selector__k': 12, 'selector__num_features': 4}, 1: {'clf__C': 7749.149680983517, 'clf__coef0': 0.0, 'clf__gamma': 0.0010111377691829205, 'clf__kernel': 'rbf', 'clf__random_state': 163, 'clf__shrinking': False, 'clf__tol': 0.00013510630867871886, 'selector__k': 3, 'selector__num_features': 4}, 2: {'clf__C': 2.749734943636558e-05, 'clf__coef0': 0.0, 'clf__gamma': 0.03344912788182977, 'clf__kernel': 'rbf', 'clf__random_state': 340, 'clf__shrinking': True, 'clf__tol': 0.00020152318508322045, 'selector__k': 2, 'selector__num_features': 9}, 3: {'clf__C': 0.005622473191182968, 'clf__coef0': 0.0, 'clf__gamma': 0.0003774459793224259, 'clf__kernel': 'rbf', 'clf__random_state': 814, 'clf__shrinking': False, 'clf__tol': 1.0215934822362304e-05, 'selector__k': 10, 'selector__num_features': 2}}"
8,0,0.7520335325206425,0.03731823342536873,0.7556022408963585,"(0.7040816326530612, 0.8099128540305011)","{0: 0.30000000000000004, 1: 0.22999999999999998, 2: 0.20999999999999996, 3: 0.27}","{0: 0.22222222222222232, 1: 0.0, 2: 0.0, 3: 0.015151515151515138}","{0: 0.00670904715627748, 1: 0.00021802952473506671, 2: 0.002111185154333841, 3: 0.009421528067009122}","{0: 0.00030735015701345564, 1: 0.0, 2: 0.0, 3: 0.0037468064483216074}","{'clf__bootstrap': 1, 'clf__criterion': 0, 'clf__max_depth': 0, 'clf__max_features': 2, 'clf__min_samples_leaf': 0, 'clf__n_estimators': 46.0, 'clf__random_state': 912, 'selector__bootstrap': 0, 'selector__criterion': 1, 'selector__max_depth': 0, 'selector__max_features': 3, 'selector__max_features.frac': 0.7727247346328644, 'selector__min_samples_leaf': 1, 'selector__min_samples_leaf.gt1': 37.0, 'selector__n_estimators': 126.0, 'selector__random_state': 301}","{0: {'clf__bootstrap': True, 'clf__criterion': 'entropy', 'clf__max_depth': 2, 'clf__max_features': 'sqrt', 'clf__min_samples_leaf': 18, 'clf__min_samples_split': 2, 'clf__n_estimators': 1978, 'clf__random_state': 751, 'selector__bootstrap': True, 'selector__criterion': 'entropy', 'selector__max_depth': None, 'selector__max_features': 'sqrt', 'selector__min_samples_leaf': 1, 'selector__min_samples_split': 2, 'selector__n_estimators': 93, 'selector__random_state': 236}, 1: {'clf__bootstrap': True, 'clf__criterion': 'entropy', 'clf__max_depth': None, 'clf__max_features': 0.9071947163471131, 'clf__min_samples_leaf': 1, 'clf__min_samples_split': 2, 'clf__n_estimators': 972, 'clf__random_state': 693, 'selector__bootstrap': True, 'selector__criterion': 'gini', 'selector__max_depth': 4, 'selector__max_features': None, 'selector__min_samples_leaf': 1, 'selector__min_samples_split': 2, 'selector__n_estimators': 1414, 'selector__random_state': 107}, 2: {'clf__bootstrap': True, 'clf__criterion': 'gini', 'clf__max_depth': None, 'clf__max_features': None, 'clf__min_samples_leaf': 1, 'clf__min_samples_split': 2, 'clf__n_estimators': 46, 'clf__random_state': 912, 'selector__bootstrap': False, 'selector__criterion': 'entropy', 'selector__max_depth': None, 'selector__max_features': 0.7727247346328644, 'selector__min_samples_leaf': 37, 'selector__min_samples_split': 2, 'selector__n_estimators': 126, 'selector__random_state': 301}, 3: {'clf__bootstrap': True, 'clf__criterion': 'entropy', 'clf__max_depth': None, 'clf__max_features': 0.6780456764169303, 'clf__min_samples_leaf': 4, 'clf__min_samples_split': 2, 'clf__n_estimators': 54, 'clf__random_state': 709, 'selector__bootstrap': True, 'selector__criterion': 'entropy', 'selector__max_depth': None, 'selector__max_features': 0.34212702531355066, 'selector__min_samples_leaf': 1, 'selector__min_samples_split': 2, 'selector__n_estimators': 115, 'selector__random_state': 900}}"
9,1,0.7328489808652936,0.03410981741977243,0.7186930091185411,"(0.704040404040404, 0.7960030165912519)","{0: 0.28, 1: 0.2899999999999998, 2: 0.32999999999999996, 3: 0.28}","{0: 0.0, 1: 0.0454545454545453, 2: 0.1299999999999999, 3: 0.14141414141414144}","{0: 0.0036113378684807193, 1: 0.0015821278171132315, 2: 0.0038584571243463453, 3: 0.0007768244712851104}","{0: 0.0038318085456132633, 1: 0.0004133342402702661, 2: 0.0019343128252219198, 3: 6.193302270743369e-05}","{'clf__bootstrap': 1, 'clf__criterion': 0, 'clf__max_depth': 0, 'clf__max_features': 3, 'clf__max_features.frac': 0.93643192230702, 'clf__min_samples_leaf': 0, 'clf__n_estimators': 80.0, 'clf__random_state': 987, 'selector__bootstrap': 1, 'selector__criterion': 0, 'selector__max_depth': 0, 'selector__max_features': 0, 'selector__min_samples_leaf': 0, 'selector__n_estimators': 2269.0, 'selector__random_state': 132}","{0: {'clf__bootstrap': True, 'clf__criterion': 'gini', 'clf__max_depth': None, 'clf__max_features': 0.93643192230702, 'clf__min_samples_leaf': 1, 'clf__min_samples_split': 2, 'clf__n_estimators': 80, 'clf__random_state': 987, 'selector__bootstrap': True, 'selector__criterion': 'gini', 'selector__max_depth': None, 'selector__max_features': 'sqrt', 'selector__min_samples_leaf': 1, 'selector__min_samples_split': 2, 'selector__n_estimators': 2269, 'selector__random_state': 132}, 1: {'clf__bootstrap': False, 'clf__criterion': 'gini', 'clf__max_depth': None, 'clf__max_features': 'sqrt', 'clf__min_samples_leaf': 5, 'clf__min_samples_split': 2, 'clf__n_estimators': 414, 'clf__random_state': 482, 'selector__bootstrap': False, 'selector__criterion': 'entropy', 'selector__max_depth': None, 'selector__max_features': None, 'selector__min_samples_leaf': 6, 'selector__min_samples_split': 2, 'selector__n_estimators': 147, 'selector__random_state': 735}, 2: {'clf__bootstrap': False, 'clf__criterion': 'gini', 'clf__max_depth': None, 'clf__max_features': 0.705889506045329, 'clf__min_samples_leaf': 6, 'clf__min_samples_split': 2, 'clf__n_estimators': 29, 'clf__random_state': 735, 'selector__bootstrap': True, 'selector__criterion': 'gini', 'selector__max_depth': None, 'selector__max_features': 0.0439290832716116, 'selector__min_samples_leaf': 2, 'selector__min_samples_split': 2, 'selector__n_estimators': 209, 'selector__random_state': 734}, 3: {'clf__bootstrap': True, 'clf__criterion': 'entropy', 'clf__max_depth': None, 'clf__max_features': 0.9133021075574501, 'clf__min_samples_leaf': 12, 'clf__min_samples_split': 2, 'clf__n_estimators': 106, 'clf__random_state': 656, 'selector__bootstrap': True, 'selector__criterion': 'gini', 'selector__max_depth': None, 'selector__max_features': 0.6868599301873679, 'selector__min_samples_leaf': 22, 'selector__min_samples_split': 2, 'selector__n_estimators': 720, 'selector__random_state': 898}}"
10,0,0.8057357398993206,0.018578524586704104,0.8099489795918368,"(0.7799119647859143, 0.8289760348583879)","{0: 0.22999999999999998, 1: 0.22999999999999998, 2: 0.32000000000000006, 3: 0.21000000000000008}","{0: 0.0, 1: 0.005050505050504972, 2: 0.2474747474747474, 3: 0.0}","{0: 0.0036466009533064943, 1: 0.0019071035216807794, 2: 0.004831718265537502, 3: 0.00242938590402147}","{0: 0.0, 1: 0.00011649888333390065, 2: 0.00023893536940675035, 3: 0.0}","{'clf__bootstrap': 1, 'clf__criterion': 1, 'clf__max_depth': 0, 'clf__max_features': 3, 'clf__max_features.frac': 0.34212702531355066, 'clf__min_samples_leaf': 0, 'clf__n_estimators': 115.0, 'clf__random_state': 900}","{0: {'clf__bootstrap': True, 'clf__criterion': 'entropy', 'clf__max_depth': None, 'clf__max_features': 'sqrt', 'clf__min_samples_leaf': 1, 'clf__min_samples_split': 2, 'clf__n_estimators': 93, 'clf__random_state': 236}, 1: {'clf__bootstrap': True, 'clf__criterion': 'gini', 'clf__max_depth': 4, 'clf__max_features': None, 'clf__min_samples_leaf': 1, 'clf__min_samples_split': 2, 'clf__n_estimators': 1414, 'clf__random_state': 107}, 2: {'clf__bootstrap': False, 'clf__criterion': 'entropy', 'clf__max_depth': None, 'clf__max_features': 0.7727247346328644, 'clf__min_samples_leaf': 37, 'clf__min_samples_split': 2, 'clf__n_estimators': 126, 'clf__random_state': 301}, 3: {'clf__bootstrap': True, 'clf__criterion': 'entropy', 'clf__max_depth': None, 'clf__max_features': 0.34212702531355066, 'clf__min_samples_leaf': 1, 'clf__min_samples_split': 2, 'clf__n_estimators': 115, 'clf__random_state': 900}}"
11,1,0.7995074767549472,0.02319985016515261,0.8099999999999999,"(0.7650231124807395, 0.8248491704374058)","{0: 0.2142857142857143, 1: 0.326530612244898, 2: 0.21999999999999997, 3: 0.25}","{0: 0.0, 1: 0.0757575757575758, 2: 0.005050505050504972, 3: 0.1464646464646464}","{0: 0.0003120181405895682, 1: 0.0005196816141422549, 2: 0.00011332315239020721, 3: 0.001730565967883754}","{0: 0.0, 1: 0.00018201090591662918, 2: 1.6667233502250363e-05, 3: 9.594315772766902e-05}","{'clf__bootstrap': 1, 'clf__criterion': 0, 'clf__max_depth': 0, 'clf__max_features': 0, 'clf__min_samples_leaf': 0, 'clf__n_estimators': 2269.0, 'clf__random_state': 132}","{0: {'clf__bootstrap': True, 'clf__criterion': 'gini', 'clf__max_depth': None, 'clf__max_features': 'sqrt', 'clf__min_samples_leaf': 1, 'clf__min_samples_split': 2, 'clf__n_estimators': 2269, 'clf__random_state': 132}, 1: {'clf__bootstrap': False, 'clf__criterion': 'entropy', 'clf__max_depth': None, 'clf__max_features': None, 'clf__min_samples_leaf': 6, 'clf__min_samples_split': 2, 'clf__n_estimators': 147, 'clf__random_state': 735}, 2: {'clf__bootstrap': True, 'clf__criterion': 'gini', 'clf__max_depth': None, 'clf__max_features': 0.0439290832716116, 'clf__min_samples_leaf': 2, 'clf__min_samples_split': 2, 'clf__n_estimators': 209, 'clf__random_state': 734}, 3: {'clf__bootstrap': True, 'clf__criterion': 'gini', 'clf__max_depth': None, 'clf__max_features': 0.6868599301873679, 'clf__min_samples_leaf': 22, 'clf__min_samples_split': 2, 'clf__n_estimators': 720, 'clf__random_state': 898}}"
12,0,0.7954842954130805,0.04681028271664082,0.8072033898305084,"(0.7130102040816326, 0.8394607843137255)","{0: 0.17000000000000015, 1: 0.21000000000000008, 2: 0.20408163265306123, 3: 0.29999999999999993}","{0: 0.010101010101009944, 1: 0.0, 2: 0.14141414141414144, 3: 0.26}","{0: 0.0032548752834467066, 1: 0.0038125873478643164, 2: 0.0008168540885742015, 3: 0.0007477995279744553}","{0: 1.650001700506781e-05, 1: 0.0, 2: 3.16861091271867e-05, 3: 0.0005366255144032909}","{'clf__bootstrap': 1, 'clf__criterion': 0, 'clf__max_depth': 0, 'clf__max_features': 0, 'clf__min_samples_leaf': 1, 'clf__min_samples_leaf.gt1': 4.0, 'clf__n_estimators': 29.0, 'clf__random_state': 754, 'selector__num_features': 0, 'selector__num_neighbors': 159847.0}","{0: {'clf__bootstrap': True, 'clf__criterion': 'gini', 'clf__max_depth': None, 'clf__max_features': 'sqrt', 'clf__min_samples_leaf': 4, 'clf__min_samples_split': 2, 'clf__n_estimators': 29, 'clf__random_state': 754, 'selector__num_features': 0, 'selector__num_neighbors': 159847.0}, 1: {'clf__bootstrap': True, 'clf__criterion': 'gini', 'clf__max_depth': None, 'clf__max_features': 0.14671806682672417, 'clf__min_samples_leaf': 1, 'clf__min_samples_split': 2, 'clf__n_estimators': 393, 'clf__random_state': 208, 'selector__num_features': 0, 'selector__num_neighbors': 162364.0}, 2: {'clf__bootstrap': True, 'clf__criterion': 'gini', 'clf__max_depth': None, 'clf__max_features': 'sqrt', 'clf__min_samples_leaf': 4, 'clf__min_samples_split': 2, 'clf__n_estimators': 24, 'clf__random_state': 33, 'selector__num_features': 7, 'selector__num_neighbors': 26820.0}, 3: {'clf__bootstrap': False, 'clf__criterion': 'gini', 'clf__max_depth': 3, 'clf__max_features': 0.30189966650804834, 'clf__min_samples_leaf': 45, 'clf__min_samples_split': 2, 'clf__n_estimators': 29, 'clf__random_state': 3, 'selector__num_features': 8, 'selector__num_neighbors': 11002.0}}"
13,1,0.7562673671971948,0.02197710148333206,0.7594375963020031,"(0.7181818181818181, 0.7869300911854102)","{0: 0.2551020408163265, 1: 0.2551020408163265, 2: 0.27, 3: 0.2599999999999999}","{0: 0.10101010101010088, 1: 0.1515151515151515, 2: 0.23232323232323238, 3: 0.14646464646464652}","{0: 0.0014397982322180566, 1: 1.6668980517377046e-05, 2: 0.0059623582766439925, 3: 0.00024163080198065555}","{0: 0.00025255982949585836, 1: 3.1189561155891525e-05, 2: 0.0027395101406885902, 3: 4.071239896155706e-05}","{'clf__bootstrap': 1, 'clf__criterion': 0, 'clf__max_depth': 0, 'clf__max_features': 3, 'clf__max_features.frac': 0.5054593792632919, 'clf__min_samples_leaf': 0, 'clf__n_estimators': 86.0, 'clf__random_state': 594, 'selector__num_features': 7, 'selector__num_neighbors': 47314.0}","{0: {'clf__bootstrap': True, 'clf__criterion': 'gini', 'clf__max_depth': None, 'clf__max_features': 0.5054593792632919, 'clf__min_samples_leaf': 1, 'clf__min_samples_split': 2, 'clf__n_estimators': 86, 'clf__random_state': 594, 'selector__num_features': 7, 'selector__num_neighbors': 47314.0}, 1: {'clf__bootstrap': True, 'clf__criterion': 'entropy', 'clf__max_depth': None, 'clf__max_features': 0.5101646444123727, 'clf__min_samples_leaf': 1, 'clf__min_samples_split': 2, 'clf__n_estimators': 22, 'clf__random_state': 531, 'selector__num_features': 5, 'selector__num_neighbors': 15703.0}, 2: {'clf__bootstrap': True, 'clf__criterion': 'entropy', 'clf__max_depth': 2, 'clf__max_features': 'sqrt', 'clf__min_samples_leaf': 3, 'clf__min_samples_split': 2, 'clf__n_estimators': 116, 'clf__random_state': 539, 'selector__num_features': 2, 'selector__num_neighbors': 7158.0}, 3: {'clf__bootstrap': True, 'clf__criterion': 'entropy', 'clf__max_depth': None, 'clf__max_features': 0.41960900262221223, 'clf__min_samples_leaf': 1, 'clf__min_samples_split': 2, 'clf__n_estimators': 503, 'clf__random_state': 141, 'selector__num_features': 5, 'selector__num_neighbors': 10299.0}}"
14,0,0.6902675085679644,0.02497528035386756,0.6892757102841137,"(0.6521358543417367, 0.7254901960784313)","{0: 0.3700000000000001, 1: 0.31999999999999995, 2: 0.3700000000000001, 3: 0.326530612244898}","{0: 0.20202020202020188, 1: 0.0, 2: 0.03535353535353525, 3: 0.0}","{0: 0.0003224489795918341, 1: 0.00012164375954463314, 2: 0.002711212920542362, 3: 0.0011069832014438444}","{0: 0.00012525309208810846, 1: 0.0, 2: 0.00010417361040256566, 3: 0.0}","{'clf__bootstrap': 1, 'clf__criterion': 0, 'clf__max_depth': 0, 'clf__max_features': 3, 'clf__max_features.frac': 0.14671806682672417, 'clf__min_samples_leaf': 0, 'clf__n_estimators': 393.0, 'clf__random_state': 208, 'selector__k': 8.0, 'selector__num_features': 3}","{0: {'clf__bootstrap': False, 'clf__criterion': 'entropy', 'clf__max_depth': None, 'clf__max_features': 'sqrt', 'clf__min_samples_leaf': 12, 'clf__min_samples_split': 2, 'clf__n_estimators': 51, 'clf__random_state': 576, 'selector__k': 9, 'selector__num_features': 3}, 1: {'clf__bootstrap': True, 'clf__criterion': 'gini', 'clf__max_depth': None, 'clf__max_features': 0.14671806682672417, 'clf__min_samples_leaf': 1, 'clf__min_samples_split': 2, 'clf__n_estimators': 393, 'clf__random_state': 208, 'selector__k': 8, 'selector__num_features': 3}, 2: {'clf__bootstrap': False, 'clf__criterion': 'entropy', 'clf__max_depth': None, 'clf__max_features': 0.11797688335800127, 'clf__min_samples_leaf': 4, 'clf__min_samples_split': 2, 'clf__n_estimators': 215, 'clf__random_state': 708, 'selector__k': 12, 'selector__num_features': 3}, 3: {'clf__bootstrap': True, 'clf__criterion': 'entropy', 'clf__max_depth': None, 'clf__max_features': 'log2', 'clf__min_samples_leaf': 1, 'clf__min_samples_split': 2, 'clf__n_estimators': 68, 'clf__random_state': 272, 'selector__k': 6, 'selector__num_features': 4}}"
15,1,0.6884475466457181,0.04447232200088099,0.6687211093990756,"(0.6404255319148936, 0.747737556561086)","{0: 0.31999999999999995, 1: 0.316326530612245, 2: 0.3899999999999999, 3: 0.4099999999999999}","{0: 0.2222222222222221, 1: 0.10606060606060619, 2: 0.29499999999999993, 3: 0.0}","{0: 0.0010161414225554146, 1: 0.0026519783423573444, 2: 5.39867647739367e-05, 3: 0.0011389791290665893}","{0: 0.00038382477978437753, 1: 0.0006330397125009923, 2: 0.0022536141436814866, 3: 0.0}","{'clf__bootstrap': 0, 'clf__criterion': 1, 'clf__max_depth': 0, 'clf__max_features': 0, 'clf__min_samples_leaf': 1, 'clf__min_samples_leaf.gt1': 8.0, 'clf__n_estimators': 61.0, 'clf__random_state': 101, 'selector__k': 3.0, 'selector__num_features': 4}","{0: {'clf__bootstrap': True, 'clf__criterion': 'gini', 'clf__max_depth': None, 'clf__max_features': 0.5054593792632919, 'clf__min_samples_leaf': 16, 'clf__min_samples_split': 2, 'clf__n_estimators': 2240, 'clf__random_state': 266, 'selector__k': 12, 'selector__num_features': 4}, 1: {'clf__bootstrap': False, 'clf__criterion': 'entropy', 'clf__max_depth': None, 'clf__max_features': 'sqrt', 'clf__min_samples_leaf': 8, 'clf__min_samples_split': 2, 'clf__n_estimators': 61, 'clf__random_state': 101, 'selector__k': 3, 'selector__num_features': 4}, 2: {'clf__bootstrap': False, 'clf__criterion': 'entropy', 'clf__max_depth': 2, 'clf__max_features': 0.8574478861207956, 'clf__min_samples_leaf': 1, 'clf__min_samples_split': 2, 'clf__n_estimators': 193, 'clf__random_state': 570, 'selector__k': 2, 'selector__num_features': 9}, 3: {'clf__bootstrap': False, 'clf__criterion': 'entropy', 'clf__max_depth': None, 'clf__max_features': 0.2839871447747596, 'clf__min_samples_leaf': 1, 'clf__min_samples_split': 2, 'clf__n_estimators': 798, 'clf__random_state': 737, 'selector__k': 10, 'selector__num_features': 2}}"
16,0,0.594344744271749,0.008279735287615796,0.5901238591916558,"(0.5878851540616247, 0.6105664488017429)","{0: 0.3979591836734694, 1: 0.33999999999999997, 2: 0.37, 3: 0.4387755102040817}","{0: 0.3080808080808082, 1: 0.3232323232323233, 2: 0.32000000000000006, 3: 0.2777777777777778}","{0: 0.002933805358878246, 1: 0.00812339303068166, 2: 0.0027257068813920176, 3: 0.00465384793373132}","{0: 0.00195877121382172, 1: 0.00017683059551746485, 2: 0.002537890691426043, 3: 0.00556803103991656}","{'selector__bootstrap': 1, 'selector__criterion': 0, 'selector__max_depth': 3, 'selector__max_features': 2, 'selector__min_samples_leaf': 0, 'selector__n_estimators': 1414.0, 'selector__random_state': 107}","{0: {'clf__priors': None, 'selector__bootstrap': True, 'selector__criterion': 'entropy', 'selector__max_depth': None, 'selector__max_features': 'sqrt', 'selector__min_samples_leaf': 1, 'selector__min_samples_split': 2, 'selector__n_estimators': 93, 'selector__random_state': 236}, 1: {'clf__priors': None, 'selector__bootstrap': True, 'selector__criterion': 'gini', 'selector__max_depth': 4, 'selector__max_features': None, 'selector__min_samples_leaf': 1, 'selector__min_samples_split': 2, 'selector__n_estimators': 1414, 'selector__random_state': 107}, 2: {'clf__priors': None, 'selector__bootstrap': False, 'selector__criterion': 'entropy', 'selector__max_depth': None, 'selector__max_features': 0.7727247346328644, 'selector__min_samples_leaf': 37, 'selector__min_samples_split': 2, 'selector__n_estimators': 126, 'selector__random_state': 301}, 3: {'clf__priors': None, 'selector__bootstrap': True, 'selector__criterion': 'entropy', 'selector__max_depth': None, 'selector__max_features': 0.34212702531355066, 'selector__min_samples_leaf': 1, 'selector__min_samples_split': 2, 'selector__n_estimators': 115, 'selector__random_state': 900}}"
17,1,0.689571771494217,0.04362123375513861,0.6747474747474748,"(0.6373266563944531, 0.7577300150829563)","{0: 0.45999999999999996, 1: 0.37, 2: 0.37755102040816335, 3: 0.33673469387755106}","{0: 0.43939393939393945, 1: 0.28787878787878796, 2: 0.4, 3: 0.31313131313131315}","{0: 0.003971271229580264, 1: 0.00011818223888194676, 2: 0.002412670646489888, 3: 0.0020472673423110738}","{0: 0.0032411409266628077, 1: 0.001606375766645125, 2: 0.0044215442868641526, 3: 0.0008572277205273838}","{'selector__bootstrap': 1, 'selector__criterion': 0, 'selector__max_depth': 0, 'selector__max_features': 3, 'selector__max_features.frac': 0.6868599301873679, 'selector__min_samples_leaf': 1, 'selector__min_samples_leaf.gt1': 22.0, 'selector__n_estimators': 720.0, 'selector__random_state': 898}","{0: {'clf__priors': None, 'selector__bootstrap': True, 'selector__criterion': 'gini', 'selector__max_depth': None, 'selector__max_features': 'sqrt', 'selector__min_samples_leaf': 1, 'selector__min_samples_split': 2, 'selector__n_estimators': 2269, 'selector__random_state': 132}, 1: {'clf__priors': None, 'selector__bootstrap': False, 'selector__criterion': 'entropy', 'selector__max_depth': None, 'selector__max_features': None, 'selector__min_samples_leaf': 6, 'selector__min_samples_split': 2, 'selector__n_estimators': 147, 'selector__random_state': 735}, 2: {'clf__priors': None, 'selector__bootstrap': True, 'selector__criterion': 'gini', 'selector__max_depth': None, 'selector__max_features': 0.0439290832716116, 'selector__min_samples_leaf': 2, 'selector__min_samples_split': 2, 'selector__n_estimators': 209, 'selector__random_state': 734}, 3: {'clf__priors': None, 'selector__bootstrap': True, 'selector__criterion': 'gini', 'selector__max_depth': None, 'selector__max_features': 0.6868599301873679, 'selector__min_samples_leaf': 22, 'selector__min_samples_split': 2, 'selector__n_estimators': 720, 'selector__random_state': 898}}"
18,0,0.6221787092353963,0.0212776127706612,0.6224489795918366,"(0.5875350140056023, 0.6491199478487615)","{0: 0.37755102040816324, 1: 0.37755102040816324, 2: 0.37755102040816324, 3: 0.37755102040816324}","{0: 0.33000000000000007, 1: 0.33000000000000007, 2: 0.33000000000000007, 3: 0.33000000000000007}","{0: 0.00016233051043546709, 1: 0.00016233051043546709, 2: 0.00016233051043546709, 3: 0.00016233051043546709}","{0: 0.0002745502159643578, 1: 0.0002745502159643578, 2: 0.0002745502159643578, 3: 0.0002745502159643578}",{},"{0: {'clf__priors': None}, 1: {'clf__priors': None}, 2: {'clf__priors': None}, 3: {'clf__priors': None}}"
19,1,0.6518784943069112,0.01516176234542449,0.6572948328267477,"(0.6336671802773499, 0.6730769230769231)","{0: 0.3600000000000001, 1: 0.3600000000000001, 2: 0.3600000000000001, 3: 0.3600000000000001}","{0: 0.3333333333333335, 1: 0.3333333333333335, 2: 0.3333333333333335, 3: 0.3333333333333335}","{0: 6.845295941505845e-05, 1: 6.845295941505845e-05, 2: 6.845295941505845e-05, 3: 6.845295941505845e-05}","{0: 0.00025603736580167414, 1: 0.00025603736580167414, 2: 0.00025603736580167414, 3: 0.00025603736580167414}",{},"{0: {'clf__priors': None}, 1: {'clf__priors': None}, 2: {'clf__priors': None}, 3: {'clf__priors': None}}"
20,0,0.6138153638972611,0.02964116586464906,0.6224489795918366,"(0.5716286514605843, 0.6491199478487615)","{0: 0.37755102040816324, 1: 0.37755102040816324, 2: 0.3979591836734694, 3: 0.40816326530612246}","{0: 0.33000000000000007, 1: 0.33000000000000007, 2: 0.3434343434343434, 3: 0.3434343434343434}","{0: 0.00016233051043546709, 1: 0.00016233051043546709, 2: 0.0013873200981072687, 3: 0.0035903188486278888}","{0: 0.0002745502159643578, 1: 0.0002745502159643578, 2: 0.0002916051650058395, 3: 0.0003770709338049398}","{'selector__num_features': 0, 'selector__num_neighbors': 159847.0}","{0: {'clf__priors': None, 'selector__num_features': 0, 'selector__num_neighbors': 159847.0}, 1: {'clf__priors': None, 'selector__num_features': 0, 'selector__num_neighbors': 162364.0}, 2: {'clf__priors': None, 'selector__num_features': 7, 'selector__num_neighbors': 26820.0}, 3: {'clf__priors': None, 'selector__num_features': 8, 'selector__num_neighbors': 11002.0}}"
21,1,0.5395637462175082,0.03421791593914644,0.5212121212121212,"(0.5088145896656535, 0.601998491704374)","{0: 0.42999999999999994, 1: 0.47959183673469385, 2: 0.4897959183673468, 3: 0.47959183673469385}","{0: 0.36868686868686873, 1: 0.3737373737373737, 2: 0.3787878787878788, 3: 0.3737373737373737}","{0: 5.883659586283563e-05, 1: 0.0010871118515433404, 2: 0.00739864871118516, 3: 0.0010871118515433404}","{0: 0.0002132866260812397, 1: 2.8188166740355516e-05, 2: 0.0007358234420523987, 3: 2.8188166740355516e-05}","{'selector__num_features': 7, 'selector__num_neighbors': 47314.0}","{0: {'clf__priors': None, 'selector__num_features': 7, 'selector__num_neighbors': 47314.0}, 1: {'clf__priors': None, 'selector__num_features': 5, 'selector__num_neighbors': 15703.0}, 2: {'clf__priors': None, 'selector__num_features': 2, 'selector__num_neighbors': 7158.0}, 3: {'clf__priors': None, 'selector__num_features': 5, 'selector__num_neighbors': 10299.0}}"
22,0,0.6157016406446687,0.02192077109984021,0.6162464985994398,"(0.5833333333333333, 0.6496088657105606)","{0: 0.4, 1: 0.3979591836734694, 2: 0.38, 3: 0.36}","{0: 0.3535353535353535, 1: 0.3787878787878788, 2: 0.38888888888888884, 3: 0.38888888888888884}","{0: 0.0013205146003979777, 1: 1.861261511407314e-05, 2: 0.0011177935119626064, 3: 0.00010340136054421741}","{0: 0.002703391377297106, 1: 0.0048318969719643055, 2: 0.0019148663968529313, 3: 0.003227768141572851}","{'selector__k': 6.0, 'selector__num_features': 4}","{0: {'clf__priors': None, 'selector__k': 9, 'selector__num_features': 3}, 1: {'clf__priors': None, 'selector__k': 8, 'selector__num_features': 3}, 2: {'clf__priors': None, 'selector__k': 12, 'selector__num_features': 3}, 3: {'clf__priors': None, 'selector__k': 6, 'selector__num_features': 4}}"
23,1,0.6108860685946025,0.03026002618075963,0.6185410334346505,"(0.5545069337442219, 0.6430995475113122)","{0: 0.37755102040816324, 1: 0.38, 2: 0.4, 3: 0.41836734693877553}","{0: 0.4149999999999999, 1: 0.38888888888888895, 2: 0.365, 3: 0.4}","{0: 0.0015174325512517961, 1: 2.899717710213314e-05, 2: 0.0004429265583784518, 3: 0.0016967374704984026}","{0: 0.0009847572243195126, 1: 5.5030665805076647e-05, 2: 3.85612579215272e-05, 3: 0.002761849697876635}","{'selector__k': 12.0, 'selector__num_features': 4}","{0: {'clf__priors': None, 'selector__k': 12, 'selector__num_features': 4}, 1: {'clf__priors': None, 'selector__k': 3, 'selector__num_features': 4}, 2: {'clf__priors': None, 'selector__k': 2, 'selector__num_features': 9}, 3: {'clf__priors': None, 'selector__k': 10, 'selector__num_features': 2}}"
24,0,0.642385535265823,0.028448747831279157,0.630718954248366,"(0.6104954367666232, 0.6832983193277311)","{0: 0.3979591836734694, 1: 0.38, 2: 0.5, 3: 0.36}","{0: 0.2777777777777779, 1: 0.3232323232323231, 2: 0.5, 3: 0.28}","{0: 0.004292989032347633, 1: 0.0010237215974825287, 2: 0.0, 3: 0.004817835161275389}","{0: 0.0029903978052126198, 1: 0.002676044961398489, 2: 0.0, 3: 0.000519411851398384}","{'clf__C': 4511.190905312403, 'clf__random_state': 510, 'clf__tol': 0.011919422072882168, 'selector__bootstrap': 1, 'selector__criterion': 1, 'selector__max_depth': 0, 'selector__max_features': 3, 'selector__max_features.frac': 0.34212702531355066, 'selector__min_samples_leaf': 0, 'selector__n_estimators': 115.0, 'selector__random_state': 900}","{0: {'clf__C': 0.44099940761849127, 'clf__fit_intercept': True, 'clf__intercept_scaling': 1, 'clf__penalty': 'l1', 'clf__random_state': 239, 'clf__tol': 0.07996701508721893, 'selector__bootstrap': True, 'selector__criterion': 'entropy', 'selector__max_depth': None, 'selector__max_features': 'sqrt', 'selector__min_samples_leaf': 1, 'selector__min_samples_split': 2, 'selector__n_estimators': 93, 'selector__random_state': 236}, 1: {'clf__C': 15447.503768903112, 'clf__fit_intercept': True, 'clf__intercept_scaling': 1, 'clf__penalty': 'l1', 'clf__random_state': 775, 'clf__tol': 1.6272463137616632e-05, 'selector__bootstrap': True, 'selector__criterion': 'gini', 'selector__max_depth': 4, 'selector__max_features': None, 'selector__min_samples_leaf': 1, 'selector__min_samples_split': 2, 'selector__n_estimators': 1414, 'selector__random_state': 107}, 2: {'clf__C': 1.8776063563226962e-05, 'clf__fit_intercept': True, 'clf__intercept_scaling': 1, 'clf__penalty': 'l1', 'clf__random_state': 823, 'clf__tol': 8.74993406133266e-06, 'selector__bootstrap': False, 'selector__criterion': 'entropy', 'selector__max_depth': None, 'selector__max_features': 0.7727247346328644, 'selector__min_samples_leaf': 37, 'selector__min_samples_split': 2, 'selector__n_estimators': 126, 'selector__random_state': 301}, 3: {'clf__C': 4511.190905312403, 'clf__fit_intercept': True, 'clf__intercept_scaling': 1, 'clf__penalty': 'l1', 'clf__random_state': 510, 'clf__tol': 0.011919422072882168, 'selector__bootstrap': True, 'selector__criterion': 'entropy', 'selector__max_depth': None, 'selector__max_features': 0.34212702531355066, 'selector__min_samples_leaf': 1, 'selector__min_samples_split': 2, 'selector__n_estimators': 115, 'selector__random_state': 900}}"
25,1,0.6585345939330157,0.035187154427938024,0.6565656565656566,"(0.6119029275808938, 0.7187028657616893)","{0: 0.3571428571428572, 1: 0.33999999999999997, 2: 0.41999999999999993, 3: 0.5}","{0: 0.31000000000000005, 1: 0.35858585858585856, 2: 0.3787878787878788, 3: 0.5}","{0: 0.007731972789115647, 1: 0.0008459067980933844, 2: 0.005447656069230404, 3: 0.0}","{0: 0.006678481787572694, 1: 0.0012746324071239879, 2: 0.004942842567084997, 3: 0.0}","{'clf__C': 5996.8033530845805, 'clf__random_state': 491, 'clf__tol': 0.0002481892050457547, 'selector__bootstrap': 0, 'selector__criterion': 1, 'selector__max_depth': 0, 'selector__max_features': 2, 'selector__min_samples_leaf': 1, 'selector__min_samples_leaf.gt1': 6.0, 'selector__n_estimators': 147.0, 'selector__random_state': 735}","{0: {'clf__C': 37.01921899210486, 'clf__fit_intercept': True, 'clf__intercept_scaling': 1, 'clf__penalty': 'l1', 'clf__random_state': 292, 'clf__tol': 2.8369455235043378e-06, 'selector__bootstrap': True, 'selector__criterion': 'gini', 'selector__max_depth': None, 'selector__max_features': 'sqrt', 'selector__min_samples_leaf': 1, 'selector__min_samples_split': 2, 'selector__n_estimators': 2269, 'selector__random_state': 132}, 1: {'clf__C': 5996.8033530845805, 'clf__fit_intercept': True, 'clf__intercept_scaling': 1, 'clf__penalty': 'l1', 'clf__random_state': 491, 'clf__tol': 0.0002481892050457547, 'selector__bootstrap': False, 'selector__criterion': 'entropy', 'selector__max_depth': None, 'selector__max_features': None, 'selector__min_samples_leaf': 6, 'selector__min_samples_split': 2, 'selector__n_estimators': 147, 'selector__random_state': 735}, 2: {'clf__C': 4507.707327049383, 'clf__fit_intercept': True, 'clf__intercept_scaling': 1, 'clf__penalty': 'l1', 'clf__random_state': 933, 'clf__tol': 0.05447103596981671, 'selector__bootstrap': True, 'selector__criterion': 'gini', 'selector__max_depth': None, 'selector__max_features': 0.0439290832716116, 'selector__min_samples_leaf': 2, 'selector__min_samples_split': 2, 'selector__n_estimators': 209, 'selector__random_state': 734}, 3: {'clf__C': 2.5065023541106972e-05, 'clf__fit_intercept': True, 'clf__intercept_scaling': 1, 'clf__penalty': 'l1', 'clf__random_state': 586, 'clf__tol': 0.00011059926450595876, 'selector__bootstrap': True, 'selector__criterion': 'gini', 'selector__max_depth': None, 'selector__max_features': 0.6868599301873679, 'selector__min_samples_leaf': 22, 'selector__min_samples_split': 2, 'selector__n_estimators': 720, 'selector__random_state': 898}}"
26,0,0.8138414941523472,0.01930494699157856,0.8196778711484595,"(0.7767106842737095, 0.832908163265306)","{0: 0.5, 1: 0.21000000000000008, 2: 0.18000000000000005, 3: 0.5}","{0: 0.5, 1: 0.0, 2: 0.0, 3: 0.5}","{0: 0.0, 1: 0.0016524318570965808, 2: 0.0006375954463418, 3: 0.0}","{0: 0.0, 1: 0.0, 2: 0.0, 3: 0.0}","{'clf__C': 44539.24926537371, 'clf__random_state': 526, 'clf__tol': 1.9582056976278408e-05}","{0: {'clf__C': 0.015116130976611894, 'clf__fit_intercept': True, 'clf__intercept_scaling': 1, 'clf__penalty': 'l1', 'clf__random_state': 946, 'clf__tol': 0.00026930016227426796}, 1: {'clf__C': 16.869318046352046, 'clf__fit_intercept': True, 'clf__intercept_scaling': 1, 'clf__penalty': 'l1', 'clf__random_state': 988, 'clf__tol': 0.0004516695623193216}, 2: {'clf__C': 44539.24926537371, 'clf__fit_intercept': True, 'clf__intercept_scaling': 1, 'clf__penalty': 'l1', 'clf__random_state': 526, 'clf__tol': 1.9582056976278408e-05}, 3: {'clf__C': 2.3251318939774698e-05, 'clf__fit_intercept': True, 'clf__intercept_scaling': 1, 'clf__penalty': 'l1', 'clf__random_state': 163, 'clf__tol': 0.0004400061132034209}}"
27,1,0.7570108046190861,0.037745611740150155,0.7447996918335902,"(0.705050505050505, 0.8161764705882353)","{0: 0.25, 1: 0.35, 2: 0.5, 3: 0.5}","{0: 0.0, 1: 0.31818181818181823, 2: 0.5, 3: 0.5}","{0: 0.0009746772178259038, 1: 0.0003275394511546112, 2: 0.0, 3: 0.0}","{0: 0.0, 1: 0.00024467401285583294, 2: 0.0, 3: 0.0}","{'clf__C': 53145.49314644718, 'clf__random_state': 956, 'clf__tol': 1.5767147739975036e-05}","{0: {'clf__C': 53145.49314644718, 'clf__fit_intercept': True, 'clf__intercept_scaling': 1, 'clf__penalty': 'l1', 'clf__random_state': 956, 'clf__tol': 1.5767147739975036e-05}, 1: {'clf__C': 0.05172537294241282, 'clf__fit_intercept': True, 'clf__intercept_scaling': 1, 'clf__penalty': 'l1', 'clf__random_state': 121, 'clf__tol': 0.0032600552639418623}, 2: {'clf__C': 0.005107240225182663, 'clf__fit_intercept': True, 'clf__intercept_scaling': 1, 'clf__penalty': 'l1', 'clf__random_state': 591, 'clf__tol': 0.0026169004349060588}, 3: {'clf__C': 1.0738090130040246e-05, 'clf__fit_intercept': True, 'clf__intercept_scaling': 1, 'clf__penalty': 'l1', 'clf__random_state': 423, 'clf__tol': 0.014190413837139823}}"
28,0,0.7992587314514391,0.021797224488366684,0.8048469387755102,"(0.7634803921568627, 0.8224400871459695)","{0: 0.20000000000000007, 1: 0.20999999999999996, 2: 0.3999999999999999, 3: 0.5}","{0: 0.010101010101010166, 1: 0.0, 2: 0.3450000000000001, 3: 0.5}","{0: 0.0013101578046184439, 1: 0.00048536258040631115, 2: 0.0038437688000370215, 3: 0.0}","{0: 0.0001054455894523236, 1: 0.0, 2: 3.8466029543470495e-05, 3: 0.0}","{'clf__C': 6.825221259028344, 'clf__random_state': 41, 'clf__tol': 2.8514351039926438e-05, 'selector__num_features': 0, 'selector__num_neighbors': 159847.0}","{0: {'clf__C': 6.825221259028344, 'clf__fit_intercept': True, 'clf__intercept_scaling': 1, 'clf__penalty': 'l1', 'clf__random_state': 41, 'clf__tol': 2.8514351039926438e-05, 'selector__num_features': 0, 'selector__num_neighbors': 159847.0}, 1: {'clf__C': 3867.5711908093026, 'clf__fit_intercept': True, 'clf__intercept_scaling': 1, 'clf__penalty': 'l1', 'clf__random_state': 173, 'clf__tol': 1.0158397850948734e-05, 'selector__num_features': 0, 'selector__num_neighbors': 162364.0}, 2: {'clf__C': 533.6387354098698, 'clf__fit_intercept': True, 'clf__intercept_scaling': 1, 'clf__penalty': 'l1', 'clf__random_state': 791, 'clf__tol': 8.95491479693302e-06, 'selector__num_features': 7, 'selector__num_neighbors': 26820.0}, 3: {'clf__C': 0.0025388177328253643, 'clf__fit_intercept': True, 'clf__intercept_scaling': 1, 'clf__penalty': 'l1', 'clf__random_state': 244, 'clf__tol': 0.024799710924166978, 'selector__num_features': 8, 'selector__num_neighbors': 11002.0}}"
29,1,0.6153151071956358,0.031612938425238386,0.6050151975683891,"(0.5707070707070706, 0.6604449472096531)","{0: 0.4285714285714286, 1: 0.4693877551020409, 2: 0.510204081632653, 3: 0.4693877551020409}","{0: 0.36, 1: 0.3787878787878788, 2: 0.404040404040404, 3: 0.3787878787878788}","{0: 0.0007814058956916113, 1: 0.006062668332639181, 2: 0.0084258595955389, 3: 0.00445858669998612}","{0: 0.0003015474611434211, 1: 0.00041847260483624145, 2: 0.00028310093074402883, 3: 0.0002972831570474675}","{'clf__C': 6.056657399755797, 'clf__random_state': 950, 'clf__tol': 1.4771383226495498e-05, 'selector__num_features': 7, 'selector__num_neighbors': 47314.0}","{0: {'clf__C': 6.056657399755797, 'clf__fit_intercept': True, 'clf__intercept_scaling': 1, 'clf__penalty': 'l1', 'clf__random_state': 950, 'clf__tol': 1.4771383226495498e-05, 'selector__num_features': 7, 'selector__num_neighbors': 47314.0}, 1: {'clf__C': 0.8545839604059674, 'clf__fit_intercept': True, 'clf__intercept_scaling': 1, 'clf__penalty': 'l1', 'clf__random_state': 163, 'clf__tol': 4.0603351133086905e-05, 'selector__num_features': 5, 'selector__num_neighbors': 15703.0}, 2: {'clf__C': 0.108275863280429, 'clf__fit_intercept': True, 'clf__intercept_scaling': 1, 'clf__penalty': 'l1', 'clf__random_state': 857, 'clf__tol': 0.00651843823374701, 'selector__num_features': 2, 'selector__num_neighbors': 7158.0}, 3: {'clf__C': 73.89231992179795, 'clf__fit_intercept': True, 'clf__intercept_scaling': 1, 'clf__penalty': 'l1', 'clf__random_state': 210, 'clf__tol': 2.371175487217886e-05, 'selector__num_features': 5, 'selector__num_neighbors': 10299.0}}"
30,0,0.6383501176799852,0.0357218000963547,0.6275510204081632,"(0.5994397759103641, 0.7047930283224401)","{0: 0.3999999999999999, 1: 0.37755102040816324, 2: 0.5, 3: 0.5}","{0: 0.3535353535353535, 1: 0.31313131313131304, 2: 0.5, 3: 0.5}","{0: 8.275255680503524e-05, 1: 0.0024126706464898838, 2: 0.0, 3: 0.0}","{0: 0.004298180457776415, 1: 0.004952081987098824, 2: 0.0, 3: 0.0}","{'clf__C': 3867.5711908093026, 'clf__random_state': 173, 'clf__tol': 1.0158397850948734e-05, 'selector__k': 8.0, 'selector__num_features': 3}","{0: {'clf__C': 587.8902901517976, 'clf__fit_intercept': True, 'clf__intercept_scaling': 1, 'clf__penalty': 'l1', 'clf__random_state': 822, 'clf__tol': 0.08469938429138986, 'selector__k': 9, 'selector__num_features': 3}, 1: {'clf__C': 3867.5711908093026, 'clf__fit_intercept': True, 'clf__intercept_scaling': 1, 'clf__penalty': 'l1', 'clf__random_state': 173, 'clf__tol': 1.0158397850948734e-05, 'selector__k': 8, 'selector__num_features': 3}, 2: {'clf__C': 6.568085999838003e-05, 'clf__fit_intercept': True, 'clf__intercept_scaling': 1, 'clf__penalty': 'l1', 'clf__random_state': 522, 'clf__tol': 0.03484912420933388, 'selector__k': 12, 'selector__num_features': 3}, 3: {'clf__C': 0.0008215924124914868, 'clf__fit_intercept': True, 'clf__intercept_scaling': 1, 'clf__penalty': 'l1', 'clf__random_state': 3, 'clf__tol': 1.5248383173233391e-06, 'selector__k': 6, 'selector__num_features': 4}}"
31,1,0.5808099964471064,0.0460337209138773,0.5943768996960487,"(0.5298536209553159, 0.6508295625942685)","{0: 0.3900000000000001, 1: 0.38, 2: 0.5, 3: 0.5}","{0: 0.38, 1: 0.375, 2: 0.5, 3: 0.5}","{0: 0.0038340228608450162, 1: 0.0022041186542644284, 2: 0.0, 3: 0.0}","{0: 0.00034473579793445217, 1: 0.00025117901801403495, 2: 0.0, 3: 0.0}","{'clf__C': 19.25770287965853, 'clf__random_state': 676, 'clf__tol': 7.66406855539818e-05, 'selector__k': 3.0, 'selector__num_features': 4}","{0: {'clf__C': 0.067937870536508, 'clf__fit_intercept': True, 'clf__intercept_scaling': 1, 'clf__penalty': 'l1', 'clf__random_state': 594, 'clf__tol': 0.07290095551256325, 'selector__k': 12, 'selector__num_features': 4}, 1: {'clf__C': 19.25770287965853, 'clf__fit_intercept': True, 'clf__intercept_scaling': 1, 'clf__penalty': 'l1', 'clf__random_state': 676, 'clf__tol': 7.66406855539818e-05, 'selector__k': 3, 'selector__num_features': 4}, 2: {'clf__C': 0.001917202385546166, 'clf__fit_intercept': True, 'clf__intercept_scaling': 1, 'clf__penalty': 'l1', 'clf__random_state': 249, 'clf__tol': 0.0001492364917096759, 'selector__k': 2, 'selector__num_features': 9}, 3: {'clf__C': 0.006327113450513198, 'clf__fit_intercept': True, 'clf__intercept_scaling': 1, 'clf__penalty': 'l1', 'clf__random_state': 550, 'clf__tol': 1.0362475635696462e-06, 'selector__k': 10, 'selector__num_features': 2}}"
32,0,0.7430468014416848,0.020984786766421862,0.7454481792717087,"(0.7058823529411764, 0.7650689905591865)","{0: 0.30879999999999996, 1: 0.3376, 2: 0.33319999999999994, 3: 0.358}","{0: 0.21905927966534022, 1: 0.2747678808284869, 2: 0.26548311396796254, 3: 0.20395877971635545}","{0: 0.003792759260601632, 1: 0.002928528145700476, 2: 0.003224394684879256, 3: 0.0045490558582588865}","{0: 0.002495802050937127, 1: 0.002515471446478688, 2: 0.0026718567661963865, 3: 0.0002309115312080275}","{'clf__n_components': 6.0, 'clf__tol': 8.744732545915628e-06, 'selector__bootstrap': 1, 'selector__criterion': 1, 'selector__max_depth': 0, 'selector__max_features': 0, 'selector__min_samples_leaf': 0, 'selector__n_estimators': 93.0, 'selector__random_state': 236}","{0: {'clf__n_components': 6, 'clf__tol': 8.744732545915628e-06, 'selector__bootstrap': True, 'selector__criterion': 'entropy', 'selector__max_depth': None, 'selector__max_features': 'sqrt', 'selector__min_samples_leaf': 1, 'selector__min_samples_split': 2, 'selector__n_estimators': 93, 'selector__random_state': 236}, 1: {'clf__n_components': 3, 'clf__tol': 5.331777011731635e-08, 'selector__bootstrap': True, 'selector__criterion': 'gini', 'selector__max_depth': 4, 'selector__max_features': None, 'selector__min_samples_leaf': 1, 'selector__min_samples_split': 2, 'selector__n_estimators': 1414, 'selector__random_state': 107}, 2: {'clf__n_components': 12, 'clf__tol': 3.674539059074302e-08, 'selector__bootstrap': False, 'selector__criterion': 'entropy', 'selector__max_depth': None, 'selector__max_features': 0.7727247346328644, 'selector__min_samples_leaf': 37, 'selector__min_samples_split': 2, 'selector__n_estimators': 126, 'selector__random_state': 301}, 3: {'clf__n_components': 9, 'clf__tol': 2.790956831470569e-06, 'selector__bootstrap': True, 'selector__criterion': 'entropy', 'selector__max_depth': None, 'selector__max_features': 0.34212702531355066, 'selector__min_samples_leaf': 1, 'selector__min_samples_split': 2, 'selector__n_estimators': 115, 'selector__random_state': 900}}"
33,1,0.6919159719103529,0.040044492022729604,0.6656394453004622,"(0.6574468085106382, 0.7582956259426847)","{0: 0.40524781341107874, 1: 0.2891999999999999, 2: 0.4252394835485215, 3: 0.3240316534777177}","{0: 0.26039999999999996, 1: 0.29389999999999994, 2: 0.4101622283440465, 3: 0.24252627282930317}","{0: 0.01251355658188528, 1: 0.00017886100618949783, 2: 0.0032791195282558584, 3: 0.0012472988260136344}","{0: 0.017026137182717907, 1: 0.00011642456805589605, 2: 0.007032661568896637, 3: 0.00048733513038208835}","{'clf__n_components': 21.0, 'clf__tol': 2.7344484018835194e-07, 'selector__bootstrap': 0, 'selector__criterion': 1, 'selector__max_depth': 0, 'selector__max_features': 2, 'selector__min_samples_leaf': 1, 'selector__min_samples_leaf.gt1': 6.0, 'selector__n_estimators': 147.0, 'selector__random_state': 735}","{0: {'clf__n_components': 24, 'clf__tol': 1.8694359831741932e-08, 'selector__bootstrap': True, 'selector__criterion': 'gini', 'selector__max_depth': None, 'selector__max_features': 'sqrt', 'selector__min_samples_leaf': 1, 'selector__min_samples_split': 2, 'selector__n_estimators': 2269, 'selector__random_state': 132}, 1: {'clf__n_components': 21, 'clf__tol': 2.7344484018835194e-07, 'selector__bootstrap': False, 'selector__criterion': 'entropy', 'selector__max_depth': None, 'selector__max_features': None, 'selector__min_samples_leaf': 6, 'selector__min_samples_split': 2, 'selector__n_estimators': 147, 'selector__random_state': 735}, 2: {'clf__n_components': 27, 'clf__tol': 6.945433877269359e-06, 'selector__bootstrap': True, 'selector__criterion': 'gini', 'selector__max_depth': None, 'selector__max_features': 0.0439290832716116, 'selector__min_samples_leaf': 2, 'selector__min_samples_split': 2, 'selector__n_estimators': 209, 'selector__random_state': 734}, 3: {'clf__n_components': 30, 'clf__tol': 1.683648172710037e-07, 'selector__bootstrap': True, 'selector__criterion': 'gini', 'selector__max_depth': None, 'selector__max_features': 0.6868599301873679, 'selector__min_samples_leaf': 22, 'selector__min_samples_split': 2, 'selector__n_estimators': 720, 'selector__random_state': 898}}"
34,0,0.7266878137746825,0.017808874788116016,0.7307422969187676,"(0.6986794717887155, 0.7476397966594046)","{0: 0.24448146605581011, 1: 0.24448146605581011, 2: 0.26738858808829646, 3: 0.2671999999999999}","{0: 0.031221303948576695, 1: 0.031221303948576695, 2: 0.019181716151413175, 3: 0.12}","{0: 0.0017564986380453082, 1: 0.0017564986380453082, 2: 0.0014718180566140372, 3: 7.058753667453319e-05}","{0: 6.953114215554116e-05, 1: 6.953114215554116e-05, 2: 0.00013222850562817528, 3: 0.00023735248933859634}","{'clf__n_components': 21.0, 'clf__tol': 2.8717191816925705e-07}","{0: {'clf__n_components': 21, 'clf__tol': 2.8717191816925705e-07}, 1: {'clf__n_components': 21, 'clf__tol': 3.91644917426176e-07}, 2: {'clf__n_components': 30, 'clf__tol': 5.958198748137238e-08}, 3: {'clf__n_components': 3, 'clf__tol': 3.855451340006997e-07}}"
35,1,0.6875802080336715,0.05040751570200838,0.6735353535353535,"(0.6404, 0.7850678733031674)","{0: 0.2848812994585589, 1: 0.3144, 2: 0.3164, 3: 0.29200000000000004}","{0: 0.028568513416998287, 1: 0.1074380165289256, 2: 0.040199979593918966, 3: 0.23859999999999992}","{0: 0.0005714289740066015, 1: 0.0004919884547680931, 2: 0.0009084442254479659, 3: 0.0016073272192550763}","{0: 1.711581531784837e-05, 1: 0.0002388363696428395, 2: 5.636852222493376e-05, 3: 4.6477227648974516e-05}","{'clf__n_components': 21.0, 'clf__tol': 5.2318090192307873e-08}","{0: {'clf__n_components': 21, 'clf__tol': 5.2318090192307873e-08}, 1: {'clf__n_components': 3, 'clf__tol': 1.2821386062062392e-06}, 2: {'clf__n_components': 12, 'clf__tol': 1.1237567661049228e-06}, 3: {'clf__n_components': 0, 'clf__tol': 3.0988248973241484e-06}}"
36,0,0.7825707349501613,0.025993657166644864,0.7864431486880465,"(0.7425032594524119, 0.8119747899159664)","{0: 0.2548937942523948, 1: 0.24656393169512714, 2: 0.39439999999999986, 3: 0.39779999999999993}","{0: 0.025099479644934197, 1: 0.04170000000000007, 2: 0.3028262422201816, 3: 0.30338740944801557}","{0: 0.0023076918841654502, 1: 0.0012057216496381355, 2: 0.004615800447482734, 3: 0.0022533592260216583}","{0: 5.536586381282149e-05, 1: 6.152709754272518e-05, 2: 0.00023371755064234136, 3: 0.00028025982872494586}","{'clf__n_components': 15.0, 'clf__tol': 4.018788313836592e-08, 'selector__num_features': 0, 'selector__num_neighbors': 162364.0}","{0: {'clf__n_components': 24, 'clf__tol': 7.465142377481629e-08, 'selector__num_features': 0, 'selector__num_neighbors': 159847.0}, 1: {'clf__n_components': 15, 'clf__tol': 4.018788313836592e-08, 'selector__num_features': 0, 'selector__num_neighbors': 162364.0}, 2: {'clf__n_components': 21, 'clf__tol': 3.7259487319074025e-08, 'selector__num_features': 7, 'selector__num_neighbors': 26820.0}, 3: {'clf__n_components': 15, 'clf__tol': 4.3317957525490675e-06, 'selector__num_features': 8, 'selector__num_neighbors': 11002.0}}"
37,1,0.6351150756781125,0.026172571409279158,0.6284000000000001,"(0.5943434343434343, 0.6679864253393666)","{0: 0.38859999999999995, 1: 0.45147855060391506, 2: 0.4586, 3: 0.45147855060391506}","{0: 0.3135394347515559, 1: 0.3141516171819202, 2: 0.3569, 3: 0.3141516171819202}","{0: 0.0014966347774502504, 1: 0.003472727513040296, 2: 0.0022429523558683477, 3: 0.003472727513040296}","{0: 0.0003398655330039705, 1: 1.6002015885082676e-06, 2: 0.00026450627502400565, 3: 1.6002015885082676e-06}","{'clf__n_components': 21.0, 'clf__tol': 5.0309812567203237e-08, 'selector__num_features': 7, 'selector__num_neighbors': 47314.0}","{0: {'clf__n_components': 21, 'clf__tol': 5.0309812567203237e-08, 'selector__num_features': 7, 'selector__num_neighbors': 47314.0}, 1: {'clf__n_components': 18, 'clf__tol': 9.228627725999558e-08, 'selector__num_features': 5, 'selector__num_neighbors': 15703.0}, 2: {'clf__n_components': 15, 'clf__tol': 1.9430596481639744e-06, 'selector__num_features': 2, 'selector__num_neighbors': 7158.0}, 3: {'clf__n_components': 9, 'clf__tol': 6.683103976795143e-08, 'selector__num_features': 5, 'selector__num_neighbors': 10299.0}}"
38,0,0.6713247683958001,0.023704381654877066,0.6822729091636655,"(0.6337535014005602, 0.7015250544662309)","{0: 0.39080000000000004, 1: 0.384, 2: 0.39400249895876727, 3: 0.3890045814244065}","{0: 0.32547699214365877, 1: 0.3088460361187634, 2: 0.3483318028772575, 3: 0.32925211713090496}","{0: 0.0005572926553744975, 1: 0.003937422335146616, 2: 0.0010780417654675117, 3: 0.0001462468573645844}","{0: 0.006523841272681345, 1: 0.003326085087271805, 2: 0.004853601782281813, 3: 0.004798039896922277}","{'clf__n_components': 15.0, 'clf__tol': 4.018788313836592e-08, 'selector__k': 8.0, 'selector__num_features': 3}","{0: {'clf__n_components': 6, 'clf__tol': 9.051658320936415e-06, 'selector__k': 9, 'selector__num_features': 3}, 1: {'clf__n_components': 15, 'clf__tol': 4.018788313836592e-08, 'selector__k': 8, 'selector__num_features': 3}, 2: {'clf__n_components': 18, 'clf__tol': 5.3126979002083044e-06, 'selector__k': 12, 'selector__num_features': 3}, 3: {'clf__n_components': 27, 'clf__tol': 1.2880546150944635e-08, 'selector__k': 6, 'selector__num_features': 4}}"
39,1,0.6947143859233615,0.04377518483312839,0.6887537993920972,"(0.6524, 0.7733785822021116)","{0: 0.30280000000000007, 1: 0.362, 2: 0.30800000000000005, 3: 0.32599999999999996}","{0: 0.3304764819916335, 1: 0.30599999999999994, 2: 0.2542597694112846, 3: 0.35700438730741757}","{0: 0.002191432428241668, 1: 0.0013524385996340363, 2: 0.004608317983871809, 3: 0.0028084828299899532}","{0: 3.8640380862178454e-05, 1: 0.0005858384923983, 2: 0.010348847734043522, 3: 0.0003025421821508018}","{'clf__n_components': 9.0, 'clf__tol': 8.272560126781223e-06, 'selector__k': 12.0, 'selector__num_features': 4}","{0: {'clf__n_components': 9, 'clf__tol': 8.272560126781223e-06, 'selector__k': 12, 'selector__num_features': 4}, 1: {'clf__n_components': 6, 'clf__tol': 1.3510630867871866e-07, 'selector__k': 3, 'selector__num_features': 4}, 2: {'clf__n_components': 12, 'clf__tol': 2.0152318508322015e-07, 'selector__k': 2, 'selector__num_features': 9}, 3: {'clf__n_components': 30, 'clf__tol': 1.0215934822362271e-08, 'selector__k': 10, 'selector__num_features': 2}}"
